Timestamp,Quantity,Location,Measurement Value (db or lux),Email Address,Your 4 digit ID
1/14/2020 13:48:22,"Sound pressure level, SPL (dBA)",On a bus (while bus is stopped),65,,5555
1/14/2020 18:37:34,"Sound pressure level, SPL (dBA)",Starbucks at a table,74.1,,8786
1/14/2020 18:39:57,"Sound pressure level, SPL (dBA)",Starbucks at a table,76.5,,5402
1/14/2020 18:45:33,"Sound pressure level, SPL (dBA)",Starbucks at a table,73,,6286
1/14/2020 21:32:38,"Sound pressure level, SPL (dBA)",In class (on writing desk),48,,5402
1/14/2020 21:35:51,"Sound pressure level, SPL (dBA)",In class (on writing desk),35.6,,8786
1/14/2020 21:48:09,"Sound pressure level, SPL (dBA)",In the car,67,,8786
1/14/2020 22:01:22,"Sound pressure level, SPL (dBA)",your bed at night,30,,8786
1/15/2020 2:05:34,"Sound pressure level, SPL (dBA)",In the car,77.3,,5402
1/15/2020 10:15:36,"Sound pressure level, SPL (dBA)",your bed at night,33,,5402
1/15/2020 13:18:19,"Sound pressure level, SPL (dBA)",In class (on writing desk),58.9,,0289
1/15/2020 15:28:28,"Sound pressure level, SPL (dBA)",Outdoors by GIX: Cloudy,56.8,,8786
1/15/2020 15:29:10,"Sound pressure level, SPL (dBA)",Outdoors by GIX: Cloudy,51.7,,5402
1/15/2020 16:12:19,"Sound pressure level, SPL (dBA)",GIX Woodshop: No machines (SPL only),47.8,,8786
1/15/2020 16:12:32,"Sound pressure level, SPL (dBA)",GIX Woodshop: No machines (SPL only),48.4,,5402
1/15/2020 16:15:11,"Sound pressure level, SPL (dBA)","GIX Woodshop: Table Saw cutting (lux on table top, SPL from operating position)",93,,8786
1/15/2020 16:15:48,"Sound pressure level, SPL (dBA)","GIX Woodshop: Table Saw cutting (lux on table top, SPL from operating position)",51.7,,5402
1/15/2020 16:16:48,"Sound pressure level, SPL (dBA)","GIX Woodshop: Dust Collector  (SPL Only, measure from table saw operating pos.)",89.4,,5402
1/15/2020 16:16:50,"Sound pressure level, SPL (dBA)","GIX Woodshop: Dust Collector  (SPL Only, measure from table saw operating pos.)",86.4,,8786
1/15/2020 16:19:01,"Sound pressure level, SPL (dBA)",GIX Woodshop: Drill (SPL Only from omerating position),73.5,,8786
1/15/2020 16:19:02,"Sound pressure level, SPL (dBA)",GIX Woodshop: Drill (SPL Only from omerating position),75.1,,5402
1/15/2020 17:26:02,Light Flux,In class (on writing desk),310,,8412
1/15/2020 17:26:34,Light Flux,Outdoors by GIX: Cloudy,154,,8412
1/15/2020 17:27:04,Light Flux,Starbucks at a table,87,,8412
1/15/2020 17:27:30,Light Flux,In the car,55,,8412
1/15/2020 17:28:38,Light Flux,your bed at night,2,,8412
1/15/2020 18:40:04,Light Flux,In class (on writing desk),368,,2733
1/15/2020 18:40:33,Light Flux,In class (on writing desk),338,,2733
1/15/2020 18:40:53,Light Flux,In class (on writing desk),340,,2733
1/15/2020 18:44:19,Light Flux,"GIX Woodshop: Table Saw cutting (lux on table top, SPL from operating position)",703,,2733
1/15/2020 18:44:41,Light Flux,"GIX Woodshop: Table Saw cutting (lux on table top, SPL from operating position)",704,,2733
1/15/2020 18:44:58,Light Flux,"GIX Woodshop: Table Saw cutting (lux on table top, SPL from operating position)",700,,2733
1/15/2020 18:48:18,Light Flux,breakfast table,371,,2733
1/15/2020 18:48:52,Light Flux,breakfast table,401,,2733
1/15/2020 18:49:12,Light Flux,breakfast table,402,,2733
1/16/2020 9:29:41,"Sound pressure level, SPL (dBA)",your bed at night,40.2,,0289
1/16/2020 9:29:53,"Sound pressure level, SPL (dBA)",breakfast table,51.5,,0289
1/16/2020 9:30:06,"Sound pressure level, SPL (dBA)",Starbucks at a table,65.4,,0289
1/16/2020 9:30:30,"Sound pressure level, SPL (dBA)",Outdoors by GIX: Cloudy,52.5,,0289
1/16/2020 9:30:44,"Sound pressure level, SPL (dBA)",In the car,62.1,,0289
1/16/2020 9:31:03,"Sound pressure level, SPL (dBA)",GIX Woodshop: No machines (SPL only),48.6,,0289
1/16/2020 9:31:19,"Sound pressure level, SPL (dBA)","GIX Woodshop: Table Saw cutting (lux on table top, SPL from operating position)",94.6,,0289
1/16/2020 9:31:37,"Sound pressure level, SPL (dBA)","GIX Woodshop: Dust Collector  (SPL Only, measure from table saw operating pos.)",83.9,,0289
1/16/2020 9:31:51,"Sound pressure level, SPL (dBA)",GIX Woodshop: Drill (SPL Only from omerating position),82.3,,0289
1/16/2020 9:43:04,Light Flux,your bed at night,250,,2733
1/16/2020 9:43:17,Light Flux,your bed at night,267,,2733
1/16/2020 9:43:32,Light Flux,your bed at night,278,,2733
1/16/2020 9:43:48,Light Flux,Outdoors by GIX: Sunny,1564,,2733
1/16/2020 9:44:16,Light Flux,Outdoors by GIX: Sunny,1864,,2733
1/16/2020 9:44:28,Light Flux,Outdoors by GIX: Sunny,2089,,2733
1/16/2020 11:20:25,"Sound pressure level, SPL (dBA)",Outdoors by GIX: Sunny,63,,5402
1/16/2020 11:20:41,"Sound pressure level, SPL (dBA)",Outdoors by GIX: Sunny,63.5,,8786
1/16/2020 12:50:54,Light Flux,Starbucks at a table,302,,2733
1/16/2020 12:52:07,Light Flux,Starbucks at a table,239,,2733
1/16/2020 12:55:32,"Sound pressure level, SPL (dBA)",On a bus (Highway speed),84.3,,0289
1/16/2020 12:55:48,"Sound pressure level, SPL (dBA)",On a bus (while bus is stopped),69.8,,0289
1/16/2020 14:43:52,"Sound pressure level, SPL (dBA)",breakfast table,55.2,,6286
1/16/2020 14:44:40,"Sound pressure level, SPL (dBA)",In class (on writing desk),49.1,,6286
1/16/2020 14:44:44,"Sound pressure level, SPL (dBA)",breakfast table,55.4,,8786
1/16/2020 14:44:57,"Sound pressure level, SPL (dBA)",In class (on writing desk),48.4,,6286
1/16/2020 14:45:21,"Sound pressure level, SPL (dBA)",Outdoors by GIX: Sunny,69.6,,6286
1/16/2020 14:45:33,"Sound pressure level, SPL (dBA)",breakfast table,61.4,,5402
1/16/2020 14:46:46,"Sound pressure level, SPL (dBA)",GIX Woodshop: No machines (SPL only),46.8,,6286
1/16/2020 14:47:09,"Sound pressure level, SPL (dBA)","GIX Woodshop: Table Saw cutting (lux on table top, SPL from operating position)",99.8,,6286
1/16/2020 14:47:34,"Sound pressure level, SPL (dBA)","GIX Woodshop: Dust Collector  (SPL Only, measure from table saw operating pos.)",82.9,,6286
1/16/2020 14:48:03,"Sound pressure level, SPL (dBA)",GIX Woodshop: Drill (SPL Only from omerating position),71.9,,6286
1/16/2020 14:55:40,"Sound pressure level, SPL (dBA)",your bed at night,42.5,,6286
1/16/2020 16:10:22,"Sound pressure level, SPL (dBA)",In class (on writing desk),52,,0520
1/16/2020 16:10:38,"Sound pressure level, SPL (dBA)",In class (on writing desk),52.2,,6046
1/16/2020 16:12:41,"Sound pressure level, SPL (dBA)",Outdoors by GIX: Sunny,49.7,,6046
1/16/2020 16:13:19,"Sound pressure level, SPL (dBA)",Outdoors by GIX: Sunny,53,,0520
1/16/2020 16:19:23,"Sound pressure level, SPL (dBA)",GIX Woodshop: No machines (SPL only),51.2,,6046
1/16/2020 16:19:31,"Sound pressure level, SPL (dBA)",GIX Woodshop: No machines (SPL only),41,,0520
1/16/2020 16:20:58,"Sound pressure level, SPL (dBA)","GIX Woodshop: Table Saw cutting (lux on table top, SPL from operating position)",92.8,,0520
1/16/2020 16:21:10,"Sound pressure level, SPL (dBA)","GIX Woodshop: Table Saw cutting (lux on table top, SPL from operating position)",90.6,,6046
1/16/2020 16:23:51,"Sound pressure level, SPL (dBA)","GIX Woodshop: Dust Collector  (SPL Only, measure from table saw operating pos.)",78.7,,6046
1/16/2020 16:24:14,"Sound pressure level, SPL (dBA)","GIX Woodshop: Dust Collector  (SPL Only, measure from table saw operating pos.)",89,,0520
1/16/2020 16:25:12,"Sound pressure level, SPL (dBA)",GIX Woodshop: Drill (SPL Only from omerating position),77,,0520
1/16/2020 16:25:44,"Sound pressure level, SPL (dBA)",GIX Woodshop: Drill (SPL Only from omerating position),71.4,,6046
1/16/2020 16:27:18,Light Flux,breakfast table,160,,6310
1/16/2020 16:27:40,Light Flux,breakfast table,157,,6310
1/16/2020 16:28:18,Light Flux,breakfast table,224,,6310
1/16/2020 16:28:52,Light Flux,In class (on writing desk),106,,6310
1/16/2020 16:29:07,Light Flux,In class (on writing desk),167,,6310
1/16/2020 16:29:44,Light Flux,"GIX Woodshop: Table Saw cutting (lux on table top, SPL from operating position)",184,,6310
1/16/2020 16:31:51,"Sound pressure level, SPL (dBA)",breakfast table,47.9,,6046
1/16/2020 16:32:11,"Sound pressure level, SPL (dBA)",breakfast table,49,,0520
1/16/2020 16:37:48,"Sound pressure level, SPL (dBA)",In the car,50.6,,6046
1/16/2020 16:38:22,"Sound pressure level, SPL (dBA)",In the car,30,,0520
1/16/2020 16:42:27,"Sound pressure level, SPL (dBA)",your bed at night,35,,0520
1/16/2020 16:43:09,"Sound pressure level, SPL (dBA)",your bed at night,36.8,,6046
1/16/2020 16:43:38,"Sound pressure level, SPL (dBA)",breakfast table,40.3,,6046
1/16/2020 16:43:50,"Sound pressure level, SPL (dBA)",breakfast table,38,,0520
1/16/2020 16:53:53,"Sound pressure level, SPL (dBA)",Starbucks at a table,69.1,,6046
1/16/2020 16:54:27,"Sound pressure level, SPL (dBA)",Starbucks at a table,68,,0520
1/16/2020 16:55:07,"Sound pressure level, SPL (dBA)",GIX Woodshop: No machines (SPL only),46.8,,5103
1/16/2020 16:55:28,"Sound pressure level, SPL (dBA)","GIX Woodshop: Table Saw cutting (lux on table top, SPL from operating position)",100.8,,5103
1/16/2020 16:56:07,"Sound pressure level, SPL (dBA)","GIX Woodshop: Dust Collector  (SPL Only, measure from table saw operating pos.)",87.3,,5103
1/16/2020 16:56:23,"Sound pressure level, SPL (dBA)",GIX Woodshop: Drill (SPL Only from omerating position),79.3,,5103
1/16/2020 17:48:24,Light Flux,breakfast table,111,,4191
1/16/2020 17:48:40,Light Flux,In the car,1,,4191
1/17/2020 0:27:52,Light Flux,your bed at night,10,,6310
1/17/2020 0:41:11,Light Flux,your bed at night,15,,6310
1/17/2020 0:41:57,Light Flux,Starbucks at a table,70,,6310
1/17/2020 0:46:15,Light Flux,In class (on writing desk),107,,6310
1/17/2020 0:46:30,Light Flux,Outdoors by GIX: Sunny,187,,6310
1/17/2020 1:03:01,Light Flux,Outdoors by GIX: Cloudy,50,,6310
1/17/2020 1:03:14,Light Flux,In the car,30,,6310
1/20/2020 10:10:48,"Sound pressure level, SPL (dBA)",your bed at night,40.7,,1735
1/20/2020 12:27:12,Light Flux,breakfast table,231,,1037
1/20/2020 12:27:56,Light Flux,Starbucks at a table,153,,1037
1/20/2020 12:28:17,Light Flux,In class (on writing desk),286,,1037
1/20/2020 12:28:37,Light Flux,Outdoors by GIX: Cloudy,3075,,1037
1/20/2020 12:29:04,Light Flux,In the car,737,,1037
1/20/2020 12:29:27,Light Flux,On a bus (while bus is stopped),562,,1037
1/20/2020 12:30:09,Light Flux,On a bus (Highway speed),593,,1037
1/20/2020 12:30:34,Light Flux,"GIX Woodshop: Table Saw cutting (lux on table top, SPL from operating position)",373,,1037
1/20/2020 13:52:59,Light Flux,In class (on writing desk),277,,5402
1/20/2020 13:53:26,Light Flux,In class (on writing desk),322,,5402
1/20/2020 13:53:50,Light Flux,In class (on writing desk),276,,5402
1/20/2020 13:56:02,Light Flux,Outdoors by GIX: Cloudy,2802,,5402
1/20/2020 13:56:29,Light Flux,Outdoors by GIX: Cloudy,3060,,5402
1/20/2020 13:56:47,Light Flux,Outdoors by GIX: Cloudy,3265,,5402
1/20/2020 14:01:49,Light Flux,breakfast table,3,,8268
1/20/2020 14:02:19,Light Flux,breakfast table,88,,5402
1/20/2020 14:02:35,Light Flux,breakfast table,177,,5402
1/20/2020 14:02:54,Light Flux,breakfast table,214,,5402
1/20/2020 14:05:44,"Sound pressure level, SPL (dBA)",breakfast table,44,,8268
1/20/2020 14:06:53,Light Flux,Outdoors by GIX: Cloudy,3231,,8786
1/20/2020 14:07:07,Light Flux,Outdoors by GIX: Cloudy,3156,,8786
1/20/2020 14:07:24,Light Flux,Outdoors by GIX: Cloudy,3329,,8786
1/20/2020 14:08:39,Light Flux,In class (on writing desk),353,,8786
1/20/2020 14:08:57,Light Flux,In class (on writing desk),362,,8786
1/20/2020 14:09:12,Light Flux,In class (on writing desk),279,,8786
1/20/2020 15:18:32,"Sound pressure level, SPL (dBA)",In the car,50,,0987
1/20/2020 15:40:36,"Sound pressure level, SPL (dBA)",Outdoors by GIX: Cloudy,53.4,,0987
1/20/2020 15:43:23,"Sound pressure level, SPL (dBA)",In class (on writing desk),49,,0987
1/20/2020 15:54:10,"Sound pressure level, SPL (dBA)",GIX Woodshop: No machines (SPL only),48.1,,0987
1/20/2020 15:55:27,"Sound pressure level, SPL (dBA)","GIX Woodshop: Table Saw cutting (lux on table top, SPL from operating position)",94.2,,0987
1/20/2020 15:57:32,"Sound pressure level, SPL (dBA)",GIX Woodshop: Drill (SPL Only from omerating position),87.3,,0987
1/20/2020 16:00:14,"Sound pressure level, SPL (dBA)","GIX Woodshop: Dust Collector  (SPL Only, measure from table saw operating pos.)",87.7,,0987
1/20/2020 21:59:30,Light Flux,your bed at night,5,,5402
1/20/2020 21:59:43,Light Flux,your bed at night,4,,5402
1/20/2020 21:59:57,Light Flux,your bed at night,2,,5402
1/20/2020 23:59:39,Light Flux,your bed at night,56,,8786
1/21/2020 0:00:07,Light Flux,your bed at night,20,,8786
1/21/2020 0:00:34,Light Flux,your bed at night,22,,8786
1/21/2020 0:44:03,Light Flux,your bed at night,31.7,,0289
1/21/2020 1:43:08,"Sound pressure level, SPL (dBA)",your bed at night,30,,8268
1/21/2020 3:24:42,"Sound pressure level, SPL (dBA)",your bed at night,30,,0987
1/21/2020 4:45:31,Light Flux,Outdoors by GIX: Cloudy,100,,6310
1/21/2020 4:45:40,Light Flux,In the car,10,,6310
1/21/2020 4:46:00,Light Flux,"GIX Woodshop: Table Saw cutting (lux on table top, SPL from operating position)",150,,6310
1/21/2020 9:34:17,Light Flux,In class (on writing desk),470,,4191
1/21/2020 9:34:41,Light Flux,"GIX Woodshop: Table Saw cutting (lux on table top, SPL from operating position)",344,,4191
1/21/2020 9:34:53,Light Flux,Starbucks at a table,111,,4191
1/21/2020 9:36:23,Light Flux,Outdoors by GIX: Sunny,570,,4191
1/21/2020 9:40:04,Light Flux,In the car,1317,,8786
1/21/2020 9:40:27,Light Flux,In the car,2870,,8786
1/21/2020 9:58:48,Light Flux,In class (on writing desk),103,,0289
1/21/2020 9:59:18,Light Flux,Starbucks at a table,132.2,,0289
1/21/2020 9:59:44,Light Flux,In the car,56.6,,0289
1/21/2020 10:09:36,"Sound pressure level, SPL (dBA)",Starbucks at a table,70,,8268
1/21/2020 10:10:26,Light Flux,Starbucks at a table,430,,8268
1/21/2020 10:12:45,"Sound pressure level, SPL (dBA)",In class (on writing desk),59,,8268
1/21/2020 10:13:44,Light Flux,In class (on writing desk),325,,8268
1/21/2020 10:15:50,"Sound pressure level, SPL (dBA)",Outdoors by GIX: Cloudy,47,,8268
1/21/2020 10:16:59,Light Flux,Outdoors by GIX: Cloudy,5611,,8268
1/21/2020 10:18:44,"Sound pressure level, SPL (dBA)",In the car,70.8,,8268
1/21/2020 10:20:19,Light Flux,On a bus (while bus is stopped),38,,8268
1/21/2020 10:21:45,Light Flux,On a bus (Highway speed),6,,8268
1/21/2020 10:39:43,"Sound pressure level, SPL (dBA)",breakfast table,30,,0987
1/21/2020 12:39:49,"Sound pressure level, SPL (dBA)",GIX Woodshop: No machines (SPL only),45,,8268
1/21/2020 12:40:50,"Sound pressure level, SPL (dBA)","GIX Woodshop: Table Saw cutting (lux on table top, SPL from operating position)",94,,8268
1/21/2020 12:41:35,Light Flux,"GIX Woodshop: Table Saw cutting (lux on table top, SPL from operating position)",347,,8268
1/21/2020 12:42:43,"Sound pressure level, SPL (dBA)","GIX Woodshop: Dust Collector  (SPL Only, measure from table saw operating pos.)",87,,8268
1/21/2020 12:43:31,"Sound pressure level, SPL (dBA)",GIX Woodshop: Drill (SPL Only from omerating position),75,,8268
1/21/2020 12:43:57,Light Flux,In the car,7075,,8786
1/21/2020 12:44:19,Light Flux,In the car,6944,,8786
1/21/2020 13:08:29,Light Flux,In the car,2440,,5402
1/21/2020 13:08:44,Light Flux,In the car,2378,,5402
1/21/2020 13:08:57,Light Flux,In the car,5384,,5402
1/21/2020 13:09:32,Light Flux,"GIX Woodshop: Table Saw cutting (lux on table top, SPL from operating position)",195,,5402
1/21/2020 13:09:43,Light Flux,"GIX Woodshop: Table Saw cutting (lux on table top, SPL from operating position)",146,,5402
1/21/2020 13:09:55,Light Flux,"GIX Woodshop: Table Saw cutting (lux on table top, SPL from operating position)",212,,5402
1/21/2020 13:12:18,Light Flux,"GIX Woodshop: Table Saw cutting (lux on table top, SPL from operating position)",336,,8786
1/21/2020 13:12:34,Light Flux,"GIX Woodshop: Table Saw cutting (lux on table top, SPL from operating position)",349,,8786
1/21/2020 13:12:50,Light Flux,"GIX Woodshop: Table Saw cutting (lux on table top, SPL from operating position)",281,,8786
1/21/2020 14:03:11,"Sound pressure level, SPL (dBA)",Outdoors by GIX: Cloudy,70.5,,1735
1/21/2020 14:04:13,"Sound pressure level, SPL (dBA)",Starbucks at a table,70.2,,1735
1/21/2020 14:05:13,"Sound pressure level, SPL (dBA)",In class (on writing desk),60.4,,1735
1/21/2020 14:35:57,Light Flux,GIX Woodshop: No machines (SPL only),133.4,,0289
1/21/2020 14:37:02,Light Flux,Outdoors by GIX: Cloudy,153.2,,0289
1/21/2020 18:26:37,"Sound pressure level, SPL (dBA)",Outdoors by GIX: Cloudy,63.4,,5103
1/21/2020 18:27:44,"Sound pressure level, SPL (dBA)",On a bus (Highway speed),78,,5103
1/21/2020 18:28:45,"Sound pressure level, SPL (dBA)",On a bus (while bus is stopped),71.2,,5103
1/21/2020 18:30:26,"Sound pressure level, SPL (dBA)",In the car,72.4,,5103
1/21/2020 18:31:27,"Sound pressure level, SPL (dBA)",your bed at night,30,,5103
1/21/2020 18:31:49,"Sound pressure level, SPL (dBA)",Outdoors by GIX: Sunny,51.6,,5103
1/21/2020 18:33:07,"Sound pressure level, SPL (dBA)",Starbucks at a table,66.4,,5103
1/21/2020 18:33:24,"Sound pressure level, SPL (dBA)",breakfast table,39.2,,5103
1/21/2020 20:31:19,"Sound pressure level, SPL (dBA)",your bed at night,35.1,,9848
1/22/2020 5:17:54,"Sound pressure level, SPL (dBA)",your bed at night,40.8,,6520
1/22/2020 5:32:30,"Sound pressure level, SPL (dBA)",Outdoors by GIX: Cloudy,29.9,,6520
1/22/2020 7:35:41,"Sound pressure level, SPL (dBA)",In the car,56.5,,6520
1/22/2020 7:37:10,"Sound pressure level, SPL (dBA)",On a bus (Highway speed),80.4,,6520
1/22/2020 8:17:45,"Sound pressure level, SPL (dBA)","GIX Woodshop: Table Saw cutting (lux on table top, SPL from operating position)",94.4,,6520
1/22/2020 8:21:47,"Sound pressure level, SPL (dBA)","GIX Woodshop: Dust Collector  (SPL Only, measure from table saw operating pos.)",90.3,,6520
1/22/2020 8:23:23,"Sound pressure level, SPL (dBA)",GIX Woodshop: Drill (SPL Only from omerating position),80.6,,6520
1/22/2020 10:35:42,"Sound pressure level, SPL (dBA)",breakfast table,73,,9848
1/22/2020 10:46:18,"Sound pressure level, SPL (dBA)",Outdoors by GIX: Cloudy,60.2,,9848
1/22/2020 11:08:50,"Sound pressure level, SPL (dBA)",In class (on writing desk),73.8,,9848
1/22/2020 13:05:04,"Sound pressure level, SPL (dBA)",In class (on writing desk),67.7,,6818
1/22/2020 15:36:16,"Sound pressure level, SPL (dBA)",In class (on writing desk),60.9,,5247
1/22/2020 15:53:29,"Sound pressure level, SPL (dBA)",GIX Woodshop: No machines (SPL only),46.9,,9848
1/22/2020 15:56:51,"Sound pressure level, SPL (dBA)","GIX Woodshop: Table Saw cutting (lux on table top, SPL from operating position)",87.1,,9848
1/22/2020 15:57:34,"Sound pressure level, SPL (dBA)","GIX Woodshop: Dust Collector  (SPL Only, measure from table saw operating pos.)",77.7,,9848
1/22/2020 15:58:39,"Sound pressure level, SPL (dBA)",GIX Woodshop: Drill (SPL Only from omerating position),71.6,,9848
1/22/2020 16:00:09,"Sound pressure level, SPL (dBA)",GIX Woodshop: No machines (SPL only),46.3,,6818
1/22/2020 16:00:35,"Sound pressure level, SPL (dBA)","GIX Woodshop: Table Saw cutting (lux on table top, SPL from operating position)",87.5,,6818
1/22/2020 16:00:38,"Sound pressure level, SPL (dBA)",GIX Woodshop: No machines (SPL only),54.7,,5247
1/22/2020 16:00:55,"Sound pressure level, SPL (dBA)","GIX Woodshop: Dust Collector  (SPL Only, measure from table saw operating pos.)",83.2,,6818
1/22/2020 16:01:09,"Sound pressure level, SPL (dBA)",GIX Woodshop: Drill (SPL Only from omerating position),74.4,,6818
1/22/2020 16:01:14,"Sound pressure level, SPL (dBA)","GIX Woodshop: Table Saw cutting (lux on table top, SPL from operating position)",86.4,,5247
1/22/2020 16:01:49,"Sound pressure level, SPL (dBA)","GIX Woodshop: Dust Collector  (SPL Only, measure from table saw operating pos.)",85.5,,5247
1/22/2020 16:02:23,"Sound pressure level, SPL (dBA)",GIX Woodshop: Drill (SPL Only from omerating position),74.8,,5247
1/22/2020 17:10:42,Light Flux,In class (on writing desk),531,,6046
1/22/2020 19:34:49,"Sound pressure level, SPL (dBA)",Outdoors by GIX: Cloudy,54.3,,6818
1/22/2020 23:12:16,Light Flux,your bed at night,6,,1037
1/23/2020 3:39:54,Light Flux,your bed at night,5.5,,0987
1/23/2020 7:36:36,"Sound pressure level, SPL (dBA)",Starbucks at a table,74.4,,6520
1/23/2020 9:35:10,"Sound pressure level, SPL (dBA)",On a bus (while bus is stopped),63,,9848
1/23/2020 9:36:33,"Sound pressure level, SPL (dBA)",On a bus (Highway speed),73,,9848
1/23/2020 9:51:29,"Sound pressure level, SPL (dBA)",In class (on writing desk),53.5,,6520
1/23/2020 9:55:36,Light Flux,breakfast table,56.7,,0987
1/23/2020 10:48:49,"Sound pressure level, SPL (dBA)",In class (on writing desk),54.3,,5103
1/23/2020 11:08:28,Light Flux,In class (on writing desk),527,,0987
1/23/2020 11:15:25,Light Flux,Outdoors by GIX: Cloudy,388,,0987
1/23/2020 11:30:07,"Sound pressure level, SPL (dBA)",your bed at night,35.1,,5247
1/23/2020 11:30:23,"Sound pressure level, SPL (dBA)",breakfast table,41.2,,5247
1/23/2020 13:24:00,"Sound pressure level, SPL (dBA)",Starbucks at a table,74.5,,5247
1/23/2020 13:25:11,Light Flux,your bed at night,2,,6046
1/23/2020 13:25:54,"Sound pressure level, SPL (dBA)",In the car,66.1,,5247
1/23/2020 13:26:13,Light Flux,breakfast table,261,,6046
1/23/2020 13:26:31,"Sound pressure level, SPL (dBA)",Outdoors by GIX: Cloudy,65,,5247
1/23/2020 13:28:20,Light Flux,Outdoors by GIX: Cloudy,2606,,6046
1/23/2020 13:29:45,Light Flux,In the car,29,,6046
1/23/2020 14:15:11,Light Flux,GIX Woodshop: No machines (SPL only),351,,0987
1/23/2020 14:15:29,Light Flux,"GIX Woodshop: Table Saw cutting (lux on table top, SPL from operating position)",351,,0987
1/23/2020 14:15:42,Light Flux,"GIX Woodshop: Dust Collector  (SPL Only, measure from table saw operating pos.)",351,,0987
1/23/2020 14:16:05,Light Flux,GIX Woodshop: Drill (SPL Only from omerating position),351,,0987
1/23/2020 14:16:19,Light Flux,"GIX Woodshop: Table Saw cutting (lux on table top, SPL from operating position)",351,,0987
1/23/2020 15:07:55,Light Flux,In class (on writing desk),225,,0520
1/23/2020 15:09:46,Light Flux,Outdoors by GIX: Cloudy,1500,,0520
1/23/2020 15:10:28,Light Flux,Starbucks at a table,21,,0520
1/23/2020 15:11:08,Light Flux,your bed at night,2,,0520
1/23/2020 15:12:48,Light Flux,"GIX Woodshop: Table Saw cutting (lux on table top, SPL from operating position)",186,,0520
1/23/2020 15:13:03,Light Flux,"GIX Woodshop: Table Saw cutting (lux on table top, SPL from operating position)",186,,6046
1/23/2020 15:14:06,Light Flux,In the car,33,,0520
1/23/2020 15:14:52,Light Flux,breakfast table,47,,0520
1/23/2020 23:02:44,Light Flux,your bed at night,9.8,,9848
1/27/2020 5:23:46,Light Flux,your bed at night,1,,6520
1/27/2020 5:24:07,Light Flux,your bed at night,1,,6520
1/27/2020 5:24:23,Light Flux,your bed at night,1,,6520
1/27/2020 5:33:25,Light Flux,breakfast table,6,,6520
1/27/2020 5:33:44,Light Flux,breakfast table,8,,6520
1/27/2020 5:34:04,Light Flux,breakfast table,10,,6520
1/27/2020 7:37:12,Light Flux,In the car,3,,6520
1/27/2020 7:37:39,Light Flux,In the car,45,,6520
1/27/2020 7:37:57,Light Flux,In the car,4,,6520
1/27/2020 7:40:54,Light Flux,In class (on writing desk),436,,6520
1/27/2020 7:41:19,Light Flux,In class (on writing desk),398,,6520
1/27/2020 7:41:39,Light Flux,In class (on writing desk),349,,6520
1/27/2020 7:47:08,Light Flux,"GIX Woodshop: Table Saw cutting (lux on table top, SPL from operating position)",393,,6520
1/27/2020 7:47:24,Light Flux,"GIX Woodshop: Table Saw cutting (lux on table top, SPL from operating position)",547,,6520
1/27/2020 7:47:39,Light Flux,"GIX Woodshop: Table Saw cutting (lux on table top, SPL from operating position)",377,,6520
1/27/2020 11:14:24,Light Flux,In class (on writing desk),357,,6818
1/27/2020 12:15:05,"Sound pressure level, SPL (dBA)",Outdoors by GIX: Sunny,79,,9160
1/27/2020 12:16:27,"Sound pressure level, SPL (dBA)",Starbucks at a table,72.5,,9160
1/27/2020 12:16:54,Light Flux,In class (on writing desk),171.8,,9848
1/27/2020 12:30:41,Light Flux,Outdoors by GIX: Cloudy,488,,9848
1/27/2020 16:15:03,Light Flux,Outdoors by GIX: Sunny,5419,,6818
1/27/2020 20:39:43,Light Flux,your bed at night,0.1,,8268
1/27/2020 22:33:23,Light Flux,Starbucks at a table,193,,9848
1/27/2020 22:35:33,Light Flux,your bed at night,2.3,,9848
1/27/2020 22:42:53,Light Flux,Starbucks at a table,44,,5247
1/27/2020 22:43:42,Light Flux,your bed at night,2,,5247
1/27/2020 22:52:53,Light Flux,your bed at night,27,,6818
1/28/2020 6:18:32,Light Flux,Starbucks at a table,259,,6520
1/28/2020 6:18:51,Light Flux,Starbucks at a table,197,,6520
1/28/2020 6:19:10,Light Flux,Starbucks at a table,269,,6520
1/28/2020 8:51:05,Light Flux,Outdoors by GIX: Cloudy,2148,,6520
1/28/2020 8:51:21,Light Flux,Outdoors by GIX: Cloudy,2191,,6520
1/28/2020 8:51:37,Light Flux,Outdoors by GIX: Cloudy,2248,,6520
1/28/2020 9:44:36,Light Flux,breakfast table,128,,9848
1/28/2020 9:45:49,Light Flux,In the car,30.8,,9848
1/28/2020 12:58:56,Light Flux,Outdoors by GIX: Sunny,3050,,9848
1/28/2020 13:04:28,Light Flux,breakfast table,146,,5247
1/28/2020 13:05:26,Light Flux,In class (on writing desk),234,,5247
1/28/2020 13:48:06,Light Flux,In class (on writing desk),485,,5103
1/28/2020 13:48:27,Light Flux,"GIX Woodshop: Table Saw cutting (lux on table top, SPL from operating position)",610,,5103
1/28/2020 14:12:16,Light Flux,Outdoors by GIX: Cloudy,2612,,5247
1/28/2020 17:30:05,"Sound pressure level, SPL (dBA)",Outdoors by GIX: Sunny,60,,2446
1/28/2020 17:32:47,"Sound pressure level, SPL (dBA)",your bed at night,43.2,,2446
1/28/2020 17:33:51,"Sound pressure level, SPL (dBA)",Starbucks at a table,47.9,,2446
1/28/2020 17:33:54,Light Flux,"GIX Woodshop: Table Saw cutting (lux on table top, SPL from operating position)",271,,5247
1/28/2020 17:35:00,"Sound pressure level, SPL (dBA)",In class (on writing desk),55.1,,2446
1/28/2020 17:36:06,"Sound pressure level, SPL (dBA)",In the car,63,,2446
1/28/2020 17:37:03,"Sound pressure level, SPL (dBA)",GIX Woodshop: No machines (SPL only),98.3,,2446
1/28/2020 17:39:25,"Sound pressure level, SPL (dBA)","GIX Woodshop: Table Saw cutting (lux on table top, SPL from operating position)",103.2,,2446
1/28/2020 17:43:18,"Sound pressure level, SPL (dBA)","GIX Woodshop: Dust Collector  (SPL Only, measure from table saw operating pos.)",115,,2446
1/28/2020 17:44:03,"Sound pressure level, SPL (dBA)",GIX Woodshop: Drill (SPL Only from omerating position),108.3,,2446
1/28/2020 21:06:18,"Sound pressure level, SPL (dBA)",breakfast table,73,,4705
1/28/2020 21:06:33,"Sound pressure level, SPL (dBA)",Starbucks at a table,70.3,,4705
1/28/2020 21:07:04,"Sound pressure level, SPL (dBA)",Outdoors by GIX: Cloudy,61.5,,4705
1/28/2020 22:41:19,Light Flux,your bed at night,4,,4705
1/28/2020 22:41:34,Light Flux,your bed at night,6,,4705
1/28/2020 22:41:52,Light Flux,your bed at night,7,,4705
1/28/2020 23:30:09,"Sound pressure level, SPL (dBA)",your bed at night,30,,3171
1/29/2020 13:32:26,Light Flux,breakfast table,26,,1735
1/29/2020 13:32:56,Light Flux,In class (on writing desk),400,,1735
1/29/2020 13:33:29,Light Flux,On a bus (Highway speed),245,,1735
1/29/2020 14:05:51,"Sound pressure level, SPL (dBA)",In class (on writing desk),63.2,,4262
1/29/2020 14:06:01,"Sound pressure level, SPL (dBA)",In class (on writing desk),66.5,,3171
1/29/2020 14:10:48,"Sound pressure level, SPL (dBA)",Outdoors by GIX: Cloudy,67,,3171
1/29/2020 14:11:33,"Sound pressure level, SPL (dBA)",Outdoors by GIX: Cloudy,74.1,,3171
1/29/2020 14:14:39,"Sound pressure level, SPL (dBA)",your bed at night,32.6,,1918
1/29/2020 14:15:06,"Sound pressure level, SPL (dBA)",In class (on writing desk),55.6,,1918
1/29/2020 14:15:29,"Sound pressure level, SPL (dBA)",Outdoors by GIX: Cloudy,62,,1918
1/29/2020 15:03:37,"Sound pressure level, SPL (dBA)",In the car,43.3,,4264
1/29/2020 15:38:10,Light Flux,In class (on writing desk),409,,4705
1/29/2020 15:38:27,Light Flux,In class (on writing desk),487,,4705
1/29/2020 15:38:50,Light Flux,In class (on writing desk),472,,4705
1/29/2020 19:56:57,"Sound pressure level, SPL (dBA)",your bed at night,30,,4264
1/29/2020 20:49:33,Light Flux,In the car,25,,4705
1/29/2020 20:49:53,Light Flux,In the car,7,,4705
1/29/2020 20:50:14,Light Flux,In the car,30,,4705
1/29/2020 22:42:09,"Sound pressure level, SPL (dBA)",Starbucks at a table,81.5,,4264
1/30/2020 9:43:01,"Sound pressure level, SPL (dBA)",In the car,70.3,,3171
1/30/2020 11:34:17,"Sound pressure level, SPL (dBA)",your bed at night,48.8,,8500
1/30/2020 11:34:35,"Sound pressure level, SPL (dBA)",breakfast table,51.7,,8500
1/30/2020 11:34:48,"Sound pressure level, SPL (dBA)",Starbucks at a table,60.3,,8500
1/30/2020 11:35:17,"Sound pressure level, SPL (dBA)",In class (on writing desk),68.2,,8500
1/30/2020 11:35:28,"Sound pressure level, SPL (dBA)",Outdoors by GIX: Cloudy,60,,8500
1/30/2020 11:35:49,"Sound pressure level, SPL (dBA)",In the car,70,,8500
1/30/2020 11:36:15,"Sound pressure level, SPL (dBA)","GIX Woodshop: Table Saw cutting (lux on table top, SPL from operating position)",89.4,,8500
1/30/2020 11:36:28,"Sound pressure level, SPL (dBA)","GIX Woodshop: Dust Collector  (SPL Only, measure from table saw operating pos.)",85.6,,8500
1/30/2020 11:36:38,"Sound pressure level, SPL (dBA)",GIX Woodshop: Drill (SPL Only from omerating position),83,,8500
1/30/2020 13:05:47,Light Flux,In class (on writing desk),106.7,,3171
1/30/2020 13:10:56,"Sound pressure level, SPL (dBA)",GIX Woodshop: Drill (SPL Only from omerating position),78.9,,3171
1/30/2020 13:11:57,"Sound pressure level, SPL (dBA)","GIX Woodshop: Dust Collector  (SPL Only, measure from table saw operating pos.)",86.3,,3171
1/30/2020 13:13:32,"Sound pressure level, SPL (dBA)","GIX Woodshop: Table Saw cutting (lux on table top, SPL from operating position)",99.2,,3171
1/30/2020 13:14:27,"Sound pressure level, SPL (dBA)",GIX Woodshop: No machines (SPL only),45.1,,3171
1/30/2020 14:09:50,"Sound pressure level, SPL (dBA)",GIX Woodshop: No machines (SPL only),45.1,,3171
1/30/2020 14:10:08,Light Flux,In the car,8.4,,3171
1/30/2020 15:34:03,Light Flux,Outdoors by GIX: Cloudy,1372,,4705
1/30/2020 15:34:16,Light Flux,Outdoors by GIX: Cloudy,1379,,4705
1/30/2020 15:34:29,Light Flux,Outdoors by GIX: Cloudy,1326,,4705
1/30/2020 15:50:28,"Sound pressure level, SPL (dBA)",In the car,54.3,,8057
1/30/2020 20:35:17,Light Flux,breakfast table,22,,4705
1/30/2020 20:35:44,Light Flux,breakfast table,18,,4705
1/30/2020 20:35:55,Light Flux,breakfast table,18,,4705
1/30/2020 20:37:01,Light Flux,Starbucks at a table,71,,4705
1/30/2020 20:37:13,Light Flux,Starbucks at a table,89,,4705
1/30/2020 20:37:28,Light Flux,Starbucks at a table,108,,4705
1/30/2020 22:11:47,"Sound pressure level, SPL (dBA)",your bed at night,40.2,,5564
1/30/2020 22:12:11,"Sound pressure level, SPL (dBA)",breakfast table,67.8,,5564
1/30/2020 22:13:48,"Sound pressure level, SPL (dBA)",Starbucks at a table,72.6,,5564
1/30/2020 22:14:19,"Sound pressure level, SPL (dBA)",In class (on writing desk),66.8,,5564
1/30/2020 22:15:25,"Sound pressure level, SPL (dBA)",Outdoors by GIX: Sunny,74.3,,5564
1/30/2020 22:27:22,"Sound pressure level, SPL (dBA)",Outdoors by GIX: Sunny,74.3,,5564
1/30/2020 22:27:43,"Sound pressure level, SPL (dBA)",Outdoors by GIX: Cloudy,75.6,,5564
1/30/2020 22:28:06,"Sound pressure level, SPL (dBA)",In the car,66.2,,5564
1/30/2020 22:42:27,"Sound pressure level, SPL (dBA)",On a bus (while bus is stopped),62.5,,5564
1/30/2020 22:42:57,"Sound pressure level, SPL (dBA)",On a bus (Highway speed),72.1,,5564
1/30/2020 22:43:22,"Sound pressure level, SPL (dBA)",GIX Woodshop: No machines (SPL only),51.4,,5564
1/30/2020 22:43:50,"Sound pressure level, SPL (dBA)","GIX Woodshop: Table Saw cutting (lux on table top, SPL from operating position)",81,,5564
1/30/2020 22:44:16,"Sound pressure level, SPL (dBA)","GIX Woodshop: Dust Collector  (SPL Only, measure from table saw operating pos.)",92.4,,5564
1/30/2020 22:44:44,"Sound pressure level, SPL (dBA)",GIX Woodshop: Drill (SPL Only from omerating position),74.4,,5564
1/30/2020 22:58:03,Light Flux,your bed at night,0.1,,5564
1/30/2020 22:58:25,Light Flux,breakfast table,57.2,,5564
1/30/2020 22:59:22,Light Flux,Starbucks at a table,632,,5564
1/30/2020 22:59:42,Light Flux,In class (on writing desk),528,,5564
1/30/2020 23:00:24,Light Flux,Outdoors by GIX: Cloudy,11200,,5564
1/30/2020 23:00:45,Light Flux,In the car,254,,5564
1/30/2020 23:01:07,"Sound pressure level, SPL (dBA)",On a bus (while bus is stopped),175,,5564
1/30/2020 23:01:23,Light Flux,On a bus (Highway speed),164.1,,5564
1/30/2020 23:02:01,Light Flux,"GIX Woodshop: Table Saw cutting (lux on table top, SPL from operating position)",641,,5564
1/30/2020 23:26:36,Light Flux,Outdoors by GIX: Sunny,11200,,5564
1/31/2020 0:10:31,Light Flux,your bed at night,0.4,,3171
1/31/2020 1:01:24,"Sound pressure level, SPL (dBA)",your bed at night,32.2,,8057
1/31/2020 10:18:29,"Sound pressure level, SPL (dBA)",your bed at night,38,,0104
1/31/2020 10:41:09,"Sound pressure level, SPL (dBA)",Outdoors by GIX: Cloudy,57.8,,0106
2/1/2020 7:41:33,Light Flux,breakfast table,93.5,,3171
2/1/2020 14:21:25,"Sound pressure level, SPL (dBA)","GIX Woodshop: Dust Collector  (SPL Only, measure from table saw operating pos.)",77,,0106
2/1/2020 14:24:25,"Sound pressure level, SPL (dBA)","GIX Woodshop: Table Saw cutting (lux on table top, SPL from operating position)",80.3,,0106
2/1/2020 14:26:55,"Sound pressure level, SPL (dBA)",GIX Woodshop: Drill (SPL Only from omerating position),79,,0106
2/3/2020 9:40:21,"Sound pressure level, SPL (dBA)",In class (on writing desk),63.7,,1613
2/3/2020 9:42:50,"Sound pressure level, SPL (dBA)",In class (on writing desk),58,,8057
2/3/2020 9:45:24,Light Flux,In class (on writing desk),175,,1613
2/3/2020 12:19:00,Light Flux,Outdoors by GIX: Cloudy,6695,,1613
2/3/2020 12:22:46,"Sound pressure level, SPL (dBA)",Outdoors by GIX: Cloudy,79.6,,1613
2/3/2020 12:37:49,"Sound pressure level, SPL (dBA)",GIX Woodshop: No machines (SPL only),48.8,,1613
2/3/2020 12:39:43,"Sound pressure level, SPL (dBA)","GIX Woodshop: Dust Collector  (SPL Only, measure from table saw operating pos.)",88.3,,1613
2/3/2020 12:46:37,"Sound pressure level, SPL (dBA)","GIX Woodshop: Table Saw cutting (lux on table top, SPL from operating position)",86.7,,1613
2/3/2020 12:49:22,"Sound pressure level, SPL (dBA)",GIX Woodshop: Drill (SPL Only from omerating position),83.2,,1613
2/3/2020 12:51:55,Light Flux,"GIX Woodshop: Table Saw cutting (lux on table top, SPL from operating position)",320,,1613
2/3/2020 13:04:52,Light Flux,Outdoors by GIX: Cloudy,887.7,,3171
2/3/2020 13:32:52,Light Flux,"GIX Woodshop: Table Saw cutting (lux on table top, SPL from operating position)",294,,4705
2/3/2020 13:33:08,Light Flux,"GIX Woodshop: Table Saw cutting (lux on table top, SPL from operating position)",402,,4705
2/3/2020 13:33:25,Light Flux,"GIX Woodshop: Table Saw cutting (lux on table top, SPL from operating position)",380,,4705
2/3/2020 13:38:20,"Sound pressure level, SPL (dBA)",GIX Woodshop: No machines (SPL only),60.3,,4705
2/3/2020 13:39:12,"Sound pressure level, SPL (dBA)","GIX Woodshop: Table Saw cutting (lux on table top, SPL from operating position)",80.7,,4705
2/3/2020 13:41:17,"Sound pressure level, SPL (dBA)","GIX Woodshop: Dust Collector  (SPL Only, measure from table saw operating pos.)",88.8,,4705
2/3/2020 13:42:45,"Sound pressure level, SPL (dBA)",GIX Woodshop: Drill (SPL Only from omerating position),84.7,,4705
2/3/2020 14:24:12,Light Flux,Outdoors by GIX: Sunny,8316,,1613
2/3/2020 14:25:06,"Sound pressure level, SPL (dBA)",Outdoors by GIX: Sunny,64.6,,1613
2/4/2020 2:03:08,Light Flux,your bed at night,1,,1613
2/4/2020 2:04:21,"Sound pressure level, SPL (dBA)",your bed at night,46.6,,1613
2/4/2020 9:40:26,Light Flux,breakfast table,193,,1613
2/4/2020 9:42:08,"Sound pressure level, SPL (dBA)",breakfast table,54.4,,1613
2/4/2020 11:29:27,"Sound pressure level, SPL (dBA)",Starbucks at a table,82.7,,8057
2/4/2020 12:29:05,Light Flux,Starbucks at a table,69,,1613
2/4/2020 12:29:59,"Sound pressure level, SPL (dBA)",Starbucks at a table,73,,1613
2/4/2020 12:47:19,Light Flux,In the car,365,,1613
2/4/2020 12:51:18,"Sound pressure level, SPL (dBA)",In the car,66.3,,1613
2/4/2020 15:11:53,Light Flux,"GIX Woodshop: Table Saw cutting (lux on table top, SPL from operating position)",136.6,,3171
2/4/2020 15:19:55,Light Flux,breakfast table,22,,8634
2/4/2020 15:20:08,Light Flux,your bed at night,30,,8634
2/4/2020 15:20:25,Light Flux,In class (on writing desk),443,,8634
2/4/2020 15:20:39,Light Flux,Outdoors by GIX: Cloudy,3452,,8634
2/4/2020 15:20:58,Light Flux,On a bus (while bus is stopped),228,,8634
2/4/2020 15:21:16,"Sound pressure level, SPL (dBA)","GIX Woodshop: Table Saw cutting (lux on table top, SPL from operating position)",87,,8057
2/4/2020 15:21:53,"Sound pressure level, SPL (dBA)","GIX Woodshop: Dust Collector  (SPL Only, measure from table saw operating pos.)",82,,8057
2/4/2020 15:22:22,"Sound pressure level, SPL (dBA)",your bed at night,30,,8634
2/4/2020 15:22:38,"Sound pressure level, SPL (dBA)",In class (on writing desk),55.1,,8634
2/4/2020 15:22:55,"Sound pressure level, SPL (dBA)",Outdoors by GIX: Cloudy,67,,8634
2/4/2020 15:23:36,"Sound pressure level, SPL (dBA)",On a bus (while bus is stopped),61.8,,8634
2/4/2020 15:23:46,"Sound pressure level, SPL (dBA)",On a bus (Highway speed),67,,8634
2/4/2020 15:24:05,"Sound pressure level, SPL (dBA)",GIX Woodshop: No machines (SPL only),47.8,,8634
2/4/2020 15:24:25,"Sound pressure level, SPL (dBA)","GIX Woodshop: Table Saw cutting (lux on table top, SPL from operating position)",80.7,,8634
2/4/2020 15:24:37,"Sound pressure level, SPL (dBA)","GIX Woodshop: Dust Collector  (SPL Only, measure from table saw operating pos.)",80.4,,8634
2/4/2020 15:24:49,"Sound pressure level, SPL (dBA)",GIX Woodshop: Drill (SPL Only from omerating position),75.3,,8634
2/4/2020 15:27:53,"Sound pressure level, SPL (dBA)",GIX Woodshop: Drill (SPL Only from omerating position),89,,8057
2/4/2020 15:28:42,"Sound pressure level, SPL (dBA)",GIX Woodshop: No machines (SPL only),49,,8057
2/4/2020 15:30:33,Light Flux,your bed at night,51,,7214
2/4/2020 15:31:29,Light Flux,your bed at night,51,,7214
2/4/2020 15:32:05,Light Flux,your bed at night,50,,7214
2/4/2020 15:32:17,Light Flux,your bed at night,5.6,,1918
2/4/2020 15:32:50,Light Flux,In class (on writing desk),182,,1918
2/4/2020 15:32:57,Light Flux,In class (on writing desk),151,,7214
2/4/2020 15:33:15,Light Flux,In class (on writing desk),163,,7214
2/4/2020 15:33:16,Light Flux,Outdoors by GIX: Cloudy,155,,1918
2/4/2020 15:33:36,Light Flux,In class (on writing desk),169,,7214
2/6/2020 0:30:04,"Sound pressure level, SPL (dBA)",your bed at night,38,,3968
2/6/2020 0:31:45,"Sound pressure level, SPL (dBA)",breakfast table,40,,3968
2/6/2020 0:34:13,Light Flux,your bed at night,1,,3968
2/6/2020 0:55:29,Light Flux,your bed at night,1.9,,8057
2/6/2020 3:49:43,"Sound pressure level, SPL (dBA)",your bed at night,30,,4739
2/6/2020 8:43:39,Light Flux,breakfast table,34,,6123
2/6/2020 8:44:15,"Sound pressure level, SPL (dBA)",breakfast table,35.8,,6123
2/6/2020 8:59:27,Light Flux,your bed at night,0.1,,6123
2/6/2020 8:59:57,"Sound pressure level, SPL (dBA)",your bed at night,30,,6123
2/6/2020 9:01:15,Light Flux,Starbucks at a table,320,,6123
2/6/2020 9:01:48,"Sound pressure level, SPL (dBA)",Starbucks at a table,67.3,,6123
2/6/2020 9:03:46,Light Flux,In class (on writing desk),398,,6123
2/6/2020 9:04:07,"Sound pressure level, SPL (dBA)",In class (on writing desk),79.9,,6123
2/6/2020 9:06:22,Light Flux,Outdoors by GIX: Sunny,2116,,6123
2/6/2020 9:06:47,"Sound pressure level, SPL (dBA)",Outdoors by GIX: Sunny,53.7,,6123
2/6/2020 9:08:34,Light Flux,Outdoors by GIX: Cloudy,2086,,6123
2/6/2020 9:08:55,"Sound pressure level, SPL (dBA)",Outdoors by GIX: Cloudy,64,,6123
2/6/2020 9:09:40,Light Flux,breakfast table,4.3,,8057
2/6/2020 9:10:01,Light Flux,In the car,1033,,6123
2/6/2020 9:10:23,"Sound pressure level, SPL (dBA)",In the car,93,,6123
2/6/2020 9:12:26,Light Flux,On a bus (while bus is stopped),837,,6123
2/6/2020 9:12:51,"Sound pressure level, SPL (dBA)",On a bus (while bus is stopped),95,,6123
2/6/2020 9:15:05,Light Flux,On a bus (Highway speed),816,,6123
2/6/2020 9:15:54,"Sound pressure level, SPL (dBA)",On a bus (Highway speed),103,,6123
2/6/2020 9:17:27,"Sound pressure level, SPL (dBA)",GIX Woodshop: No machines (SPL only),60.6,,6123
2/6/2020 9:18:20,Light Flux,"GIX Woodshop: Table Saw cutting (lux on table top, SPL from operating position)",416,,6123
2/6/2020 9:19:00,"Sound pressure level, SPL (dBA)","GIX Woodshop: Table Saw cutting (lux on table top, SPL from operating position)",93,,6123
2/6/2020 9:19:55,"Sound pressure level, SPL (dBA)","GIX Woodshop: Dust Collector  (SPL Only, measure from table saw operating pos.)",85.8,,6123
2/6/2020 9:20:40,"Sound pressure level, SPL (dBA)",GIX Woodshop: Drill (SPL Only from omerating position),84.6,,6123
2/6/2020 9:41:17,Light Flux,In class (on writing desk),652,,8057
2/6/2020 9:54:09,Light Flux,In class (on writing desk),318,,3968
2/6/2020 9:54:57,"Sound pressure level, SPL (dBA)",In class (on writing desk),52,,3968
2/6/2020 10:33:04,Light Flux,your bed at night,1.6,,4264
2/6/2020 10:33:29,Light Flux,In the car,7.9,,4264
2/6/2020 12:22:12,Light Flux,"GIX Woodshop: Table Saw cutting (lux on table top, SPL from operating position)",350,,4264
2/6/2020 12:22:41,Light Flux,"GIX Woodshop: Table Saw cutting (lux on table top, SPL from operating position)",588,,4264
2/6/2020 12:22:59,Light Flux,"GIX Woodshop: Table Saw cutting (lux on table top, SPL from operating position)",473,,4264
2/6/2020 12:23:32,Light Flux,In class (on writing desk),504,,4264
2/6/2020 12:23:55,Light Flux,In class (on writing desk),729,,4264
2/6/2020 12:24:56,Light Flux,In class (on writing desk),422,,4264
2/6/2020 13:22:10,"Sound pressure level, SPL (dBA)",Outdoors by GIX: Cloudy,78.6,,4739
2/6/2020 13:25:49,"Sound pressure level, SPL (dBA)",In class (on writing desk),52.6,,4739
2/6/2020 13:29:06,"Sound pressure level, SPL (dBA)",GIX Woodshop: No machines (SPL only),41.3,,4739
2/6/2020 13:31:02,"Sound pressure level, SPL (dBA)","GIX Woodshop: Table Saw cutting (lux on table top, SPL from operating position)",80,,4739
2/6/2020 14:13:43,Light Flux,Outdoors by GIX: Cloudy,1790,,8057
2/6/2020 14:42:08,"Sound pressure level, SPL (dBA)",your bed at night,30,,2050
2/6/2020 14:44:51,"Sound pressure level, SPL (dBA)",In class (on writing desk),52,,2050
2/6/2020 14:48:40,"Sound pressure level, SPL (dBA)",breakfast table,36.7,,2050
2/6/2020 14:52:00,"Sound pressure level, SPL (dBA)",GIX Woodshop: No machines (SPL only),38,,2050
2/6/2020 16:52:58,"Sound pressure level, SPL (dBA)",GIX Woodshop: No machines (SPL only),55,,149
2/6/2020 16:53:16,"Sound pressure level, SPL (dBA)","GIX Woodshop: Dust Collector  (SPL Only, measure from table saw operating pos.)",89,,4149
2/6/2020 17:08:10,Light Flux,breakfast table,240,,3968
2/6/2020 17:08:47,Light Flux,Outdoors by GIX: Cloudy,750,,3968
2/6/2020 17:09:15,"Sound pressure level, SPL (dBA)",Outdoors by GIX: Cloudy,55,,3968
2/6/2020 17:09:47,"Sound pressure level, SPL (dBA)",GIX Woodshop: No machines (SPL only),46,,3968
2/6/2020 17:10:40,Light Flux,"GIX Woodshop: Table Saw cutting (lux on table top, SPL from operating position)",470,,3968
2/6/2020 17:11:01,"Sound pressure level, SPL (dBA)","GIX Woodshop: Table Saw cutting (lux on table top, SPL from operating position)",79,,3968
2/6/2020 17:11:37,"Sound pressure level, SPL (dBA)","GIX Woodshop: Dust Collector  (SPL Only, measure from table saw operating pos.)",87,,3968
2/6/2020 17:11:59,"Sound pressure level, SPL (dBA)",GIX Woodshop: Drill (SPL Only from omerating position),85,,3968
2/7/2020 15:14:28,"Sound pressure level, SPL (dBA)",your bed at night,35,,4191
2/7/2020 15:14:44,"Sound pressure level, SPL (dBA)",breakfast table,45,,4191
2/8/2020 16:15:01,Light Flux,your bed at night,22,,0106
2/8/2020 16:15:24,Light Flux,your bed at night,17,,0106
2/8/2020 16:15:38,Light Flux,your bed at night,30,,0106
2/8/2020 16:16:50,Light Flux,"GIX Woodshop: Table Saw cutting (lux on table top, SPL from operating position)",440,,0106
2/8/2020 16:17:08,Light Flux,"GIX Woodshop: Table Saw cutting (lux on table top, SPL from operating position)",589,,0106
2/8/2020 16:18:13,Light Flux,"GIX Woodshop: Table Saw cutting (lux on table top, SPL from operating position)",479,,0106
2/8/2020 16:18:29,Light Flux,In class (on writing desk),507,,0106
2/8/2020 16:18:44,Light Flux,In class (on writing desk),730,,0106
2/8/2020 16:19:07,Light Flux,In class (on writing desk),423,,0106
2/8/2020 16:20:07,Light Flux,In the car,154,,0106
2/8/2020 16:20:22,Light Flux,In the car,124,,0106
2/8/2020 16:21:05,Light Flux,In the car,104,,0106
2/8/2020 22:16:57,Light Flux,your bed at night,10,,5103
2/8/2020 22:26:15,Light Flux,Starbucks at a table,49,,5103
2/8/2020 22:28:41,Light Flux,breakfast table,61,,5103
2/9/2020 15:42:11,Light Flux,Outdoors by GIX: Sunny,3931,,5103
2/9/2020 15:42:50,Light Flux,Outdoors by GIX: Cloudy,562,,5103
2/9/2020 22:28:17,"Sound pressure level, SPL (dBA)",your bed at night,30,,8412
2/9/2020 22:30:35,"Sound pressure level, SPL (dBA)","GIX Woodshop: Table Saw cutting (lux on table top, SPL from operating position)",70,,8412
2/9/2020 22:32:08,"Sound pressure level, SPL (dBA)",In class (on writing desk),60,,8412
2/9/2020 22:33:29,"Sound pressure level, SPL (dBA)",Starbucks at a table,58,,8412
2/10/2020 10:03:11,"Sound pressure level, SPL (dBA)",In class (on writing desk),68.4,,5992
2/11/2020 1:40:32,Light Flux,your bed at night,0.1,,4739
2/11/2020 7:42:49,Light Flux,In the car,3,,5103
2/11/2020 10:05:41,Light Flux,your bed at night,12,,5278
2/11/2020 10:13:13,Light Flux,In class (on writing desk),344,,4739
2/11/2020 10:29:19,Light Flux,In class (on writing desk),220,,2050
2/11/2020 10:58:59,Light Flux,Outdoors by GIX: Cloudy,780,,5278
2/11/2020 11:00:23,Light Flux,In class (on writing desk),197,,5278
2/11/2020 11:00:36,Light Flux,"GIX Woodshop: Table Saw cutting (lux on table top, SPL from operating position)",230,,5278
2/11/2020 13:06:09,"Sound pressure level, SPL (dBA)",your bed at night,27.2,,5992
2/11/2020 13:06:27,"Sound pressure level, SPL (dBA)",breakfast table,73.4,,5992
2/11/2020 13:06:50,"Sound pressure level, SPL (dBA)",Outdoors by GIX: Sunny,54.3,,5992
2/11/2020 13:07:18,"Sound pressure level, SPL (dBA)",In the car,45.2,,5992
2/11/2020 13:09:02,"Sound pressure level, SPL (dBA)",GIX Woodshop: No machines (SPL only),40.1,,5992
2/11/2020 13:09:34,"Sound pressure level, SPL (dBA)","GIX Woodshop: Table Saw cutting (lux on table top, SPL from operating position)",84.2,,5992
2/11/2020 13:09:49,"Sound pressure level, SPL (dBA)","GIX Woodshop: Dust Collector  (SPL Only, measure from table saw operating pos.)",86,,5992
2/11/2020 13:10:19,"Sound pressure level, SPL (dBA)",GIX Woodshop: Drill (SPL Only from omerating position),75.2,,5992
2/11/2020 13:10:35,"Sound pressure level, SPL (dBA)","GIX Woodshop: Dust Collector  (SPL Only, measure from table saw operating pos.)",86,,5992
2/11/2020 13:10:53,Light Flux,your bed at night,3,,5992
2/11/2020 13:11:10,Light Flux,breakfast table,164.3,,5992
2/11/2020 13:11:36,Light Flux,Starbucks at a table,95.6,,5992
2/11/2020 13:12:02,Light Flux,In class (on writing desk),122.3,,5992
2/11/2020 13:12:26,Light Flux,In the car,1,,5992
2/11/2020 13:13:04,Light Flux,Outdoors by GIX: Sunny,1238,,5992
2/11/2020 13:13:06,Light Flux,your bed at night,12,,8500
2/11/2020 13:13:31,Light Flux,breakfast table,286,,8500
2/11/2020 13:13:47,Light Flux,In class (on writing desk),244,,8500
2/11/2020 13:13:54,Light Flux,"GIX Woodshop: Table Saw cutting (lux on table top, SPL from operating position)",90.4,,5992
2/11/2020 13:14:02,Light Flux,In the car,3,,8500
2/11/2020 13:14:18,Light Flux,Outdoors by GIX: Sunny,780,,8500
2/11/2020 13:14:30,Light Flux,GIX Woodshop: No machines (SPL only),360,,8500
2/11/2020 13:15:00,"Sound pressure level, SPL (dBA)",Starbucks at a table,58,,8412
2/11/2020 16:04:15,Light Flux,Outdoors by GIX: Cloudy,282,,4739
2/11/2020 16:04:33,Light Flux,Outdoors by GIX: Cloudy,286,,4739
2/11/2020 16:04:45,Light Flux,Outdoors by GIX: Cloudy,289,,4739
2/11/2020 16:21:03,Light Flux,"GIX Woodshop: Table Saw cutting (lux on table top, SPL from operating position)",367,,4739
2/11/2020 16:21:24,Light Flux,"GIX Woodshop: Table Saw cutting (lux on table top, SPL from operating position)",409,,4739
2/11/2020 16:21:47,Light Flux,"GIX Woodshop: Table Saw cutting (lux on table top, SPL from operating position)",384,,4739
2/11/2020 16:24:56,Light Flux,GIX Woodshop: No machines (SPL only),318,,2050
2/11/2020 16:25:20,Light Flux,GIX Woodshop: No machines (SPL only),381,,2050
2/11/2020 16:25:33,Light Flux,GIX Woodshop: No machines (SPL only),422,,2050
2/11/2020 16:42:11,Light Flux,Outdoors by GIX: Cloudy,1170,,2050
2/11/2020 16:42:42,Light Flux,Outdoors by GIX: Cloudy,1208,,2050
2/11/2020 16:42:55,Light Flux,Outdoors by GIX: Cloudy,1227,,2050
2/12/2020 1:28:16,"Sound pressure level, SPL (dBA)",your bed at night,33,,9160
2/12/2020 1:29:17,"Sound pressure level, SPL (dBA)",breakfast table,41.5,,9160
2/12/2020 1:30:34,"Sound pressure level, SPL (dBA)",In class (on writing desk),70,,9160
2/12/2020 1:32:17,"Sound pressure level, SPL (dBA)",GIX Woodshop: No machines (SPL only),48.2,,9160
2/12/2020 1:37:14,"Sound pressure level, SPL (dBA)","GIX Woodshop: Table Saw cutting (lux on table top, SPL from operating position)",78.3,,9160
2/12/2020 1:38:19,"Sound pressure level, SPL (dBA)","GIX Woodshop: Dust Collector  (SPL Only, measure from table saw operating pos.)",84.2,,9160
2/12/2020 1:39:08,"Sound pressure level, SPL (dBA)",GIX Woodshop: Drill (SPL Only from omerating position),88,,9160
2/12/2020 16:48:28,"Sound pressure level, SPL (dBA)",In the car,74,,9160
2/12/2020 18:15:08,"Sound pressure level, SPL (dBA)",In class (on writing desk),61.8,,2733
2/12/2020 18:16:10,"Sound pressure level, SPL (dBA)",Outdoors by GIX: Cloudy,56.1,,2733
2/12/2020 18:33:10,"Sound pressure level, SPL (dBA)",GIX Woodshop: No machines (SPL only),49,,2733
2/12/2020 18:33:33,"Sound pressure level, SPL (dBA)","GIX Woodshop: Table Saw cutting (lux on table top, SPL from operating position)",82,,2733
2/12/2020 18:34:12,"Sound pressure level, SPL (dBA)","GIX Woodshop: Dust Collector  (SPL Only, measure from table saw operating pos.)",90,,2733
2/12/2020 18:34:35,"Sound pressure level, SPL (dBA)",GIX Woodshop: Drill (SPL Only from omerating position),80,,2733
2/12/2020 19:27:19,"Sound pressure level, SPL (dBA)",In class (on writing desk),57,,6328
2/12/2020 19:27:45,"Sound pressure level, SPL (dBA)",In the car,85,,6328
2/12/2020 19:28:01,"Sound pressure level, SPL (dBA)",Starbucks at a table,65,,6328
2/12/2020 19:28:26,"Sound pressure level, SPL (dBA)",GIX Woodshop: No machines (SPL only),47.3,,6328
2/12/2020 19:28:42,"Sound pressure level, SPL (dBA)","GIX Woodshop: Table Saw cutting (lux on table top, SPL from operating position)",85.4,,6328
2/12/2020 19:29:10,"Sound pressure level, SPL (dBA)","GIX Woodshop: Dust Collector  (SPL Only, measure from table saw operating pos.)",85,,6328
2/12/2020 19:29:25,"Sound pressure level, SPL (dBA)",GIX Woodshop: Drill (SPL Only from omerating position),70.2,,6328
2/12/2020 22:48:03,Light Flux,your bed at night,71.8,,1927
2/12/2020 22:48:19,Light Flux,your bed at night,56.2,,1927
2/12/2020 22:48:32,Light Flux,your bed at night,68.8,,1927
2/12/2020 22:48:46,Light Flux,breakfast table,125,,1927
2/12/2020 22:48:58,Light Flux,breakfast table,115,,1927
2/12/2020 22:49:09,Light Flux,breakfast table,111,,1927
2/12/2020 22:49:29,Light Flux,In class (on writing desk),240,,1927
2/12/2020 22:49:40,Light Flux,In class (on writing desk),229,,1927
2/12/2020 22:49:51,Light Flux,In class (on writing desk),243,,1927
2/12/2020 22:50:08,Light Flux,Outdoors by GIX: Sunny,1861,,1927
2/12/2020 22:50:19,Light Flux,Outdoors by GIX: Sunny,1857,,1927
2/12/2020 22:50:31,Light Flux,Outdoors by GIX: Sunny,1799,,1927
2/12/2020 22:51:25,Light Flux,In the car,23,,1927
2/12/2020 23:17:10,Light Flux,In the car,25,,1927
2/12/2020 23:17:37,Light Flux,In the car,27,,1927
2/12/2020 23:18:22,Light Flux,"GIX Woodshop: Table Saw cutting (lux on table top, SPL from operating position)",129.2,,1927
2/12/2020 23:19:23,Light Flux,"GIX Woodshop: Table Saw cutting (lux on table top, SPL from operating position)",128.3,,1927
2/12/2020 23:19:44,Light Flux,"GIX Woodshop: Table Saw cutting (lux on table top, SPL from operating position)",125.5,,1927
2/12/2020 23:20:21,"Sound pressure level, SPL (dBA)",your bed at night,39.9,,1927
2/12/2020 23:20:33,"Sound pressure level, SPL (dBA)",breakfast table,44,,1927
2/12/2020 23:20:49,"Sound pressure level, SPL (dBA)",In class (on writing desk),52.9,,1927
2/12/2020 23:21:18,"Sound pressure level, SPL (dBA)",Outdoors by GIX: Cloudy,58.8,,1927
2/12/2020 23:21:41,"Sound pressure level, SPL (dBA)",In the car,44.3,,1927
2/12/2020 23:21:54,"Sound pressure level, SPL (dBA)",GIX Woodshop: No machines (SPL only),46,,1927
2/12/2020 23:22:11,"Sound pressure level, SPL (dBA)","GIX Woodshop: Table Saw cutting (lux on table top, SPL from operating position)",83,,1927
2/12/2020 23:22:26,"Sound pressure level, SPL (dBA)","GIX Woodshop: Dust Collector  (SPL Only, measure from table saw operating pos.)",85,,1927
2/12/2020 23:22:37,"Sound pressure level, SPL (dBA)",GIX Woodshop: Drill (SPL Only from omerating position),75,,1927
2/12/2020 23:27:08,Light Flux,your bed at night,203,,3341
2/12/2020 23:27:44,Light Flux,your bed at night,5,,3341
2/12/2020 23:27:54,Light Flux,your bed at night,2,,3341
2/13/2020 12:12:42,Light Flux,Starbucks at a table,65,,3341
2/13/2020 12:12:55,Light Flux,Starbucks at a table,79,,3341
2/13/2020 12:13:06,Light Flux,Starbucks at a table,87,,3341
2/13/2020 12:14:04,Light Flux,In the car,1982,,3341
2/13/2020 12:14:17,Light Flux,In the car,1914,,3341
2/13/2020 12:14:29,Light Flux,In the car,1479,,3341
2/13/2020 12:15:59,Light Flux,In class (on writing desk),482,,3341
2/13/2020 12:16:12,Light Flux,In class (on writing desk),443,,3341
2/13/2020 12:16:22,Light Flux,In the car,515,,3341
2/13/2020 12:17:21,Light Flux,Outdoors by GIX: Cloudy,7592,,3341
2/13/2020 12:17:34,Light Flux,Outdoors by GIX: Cloudy,8388,,3341
2/13/2020 12:17:48,Light Flux,Outdoors by GIX: Cloudy,8778,,3341
2/13/2020 12:19:01,Light Flux,"GIX Woodshop: Table Saw cutting (lux on table top, SPL from operating position)",465,,3341
2/13/2020 12:19:15,Light Flux,"GIX Woodshop: Table Saw cutting (lux on table top, SPL from operating position)",348,,3341
2/13/2020 12:19:27,Light Flux,"GIX Woodshop: Table Saw cutting (lux on table top, SPL from operating position)",459,,3341
2/13/2020 13:46:17,Light Flux,Outdoors by GIX: Cloudy,1760,,8057
2/13/2020 13:46:38,Light Flux,Outdoors by GIX: Cloudy,1840,,8057
2/13/2020 13:49:38,Light Flux,In class (on writing desk),450,,8057
2/13/2020 13:50:10,Light Flux,In class (on writing desk),407,,8057
2/13/2020 13:58:59,Light Flux,In the car,117,,8057
2/13/2020 13:59:13,Light Flux,In the car,109,,8057
2/13/2020 13:59:25,Light Flux,In the car,120,,8057
2/17/2020 16:23:00,"Sound pressure level, SPL (dBA)",breakfast table,63,,1037
2/17/2020 16:23:21,"Sound pressure level, SPL (dBA)",Starbucks at a table,87.7,,1037
2/17/2020 16:23:39,"Sound pressure level, SPL (dBA)",In class (on writing desk),66.2,,1037
2/17/2020 16:23:54,"Sound pressure level, SPL (dBA)",Outdoors by GIX: Sunny,73.7,,1037
2/17/2020 16:24:13,"Sound pressure level, SPL (dBA)",GIX Woodshop: No machines (SPL only),68.7,,1037
2/17/2020 16:24:28,"Sound pressure level, SPL (dBA)","GIX Woodshop: Table Saw cutting (lux on table top, SPL from operating position)",81.4,,1037
2/17/2020 16:24:41,"Sound pressure level, SPL (dBA)","GIX Woodshop: Dust Collector  (SPL Only, measure from table saw operating pos.)",86.1,,1037
2/17/2020 16:24:53,"Sound pressure level, SPL (dBA)",GIX Woodshop: Drill (SPL Only from omerating position),83.6,,1037
2/18/2020 1:46:04,Light Flux,your bed at night,2,,8057
2/18/2020 1:46:15,Light Flux,your bed at night,1,,8057
2/18/2020 13:06:10,"Sound pressure level, SPL (dBA)",In the car,66.9,,1037
2/18/2020 13:10:36,"Sound pressure level, SPL (dBA)",In class (on writing desk),65.8,,5278
2/18/2020 13:10:46,"Sound pressure level, SPL (dBA)",In class (on writing desk),65.9,,5278
2/18/2020 13:10:55,"Sound pressure level, SPL (dBA)",In class (on writing desk),66,,5278
2/18/2020 13:11:09,"Sound pressure level, SPL (dBA)",Outdoors by GIX: Cloudy,57.1,,5278
2/18/2020 13:11:19,"Sound pressure level, SPL (dBA)",Outdoors by GIX: Cloudy,58.2,,5278
2/18/2020 13:11:28,"Sound pressure level, SPL (dBA)",Outdoors by GIX: Cloudy,57.5,,5278
2/18/2020 13:11:37,"Sound pressure level, SPL (dBA)",GIX Woodshop: No machines (SPL only),49,,5278
2/18/2020 13:11:48,"Sound pressure level, SPL (dBA)",GIX Woodshop: No machines (SPL only),49.1,,5278
2/18/2020 13:11:58,"Sound pressure level, SPL (dBA)",GIX Woodshop: No machines (SPL only),50,,5278
2/18/2020 13:12:08,"Sound pressure level, SPL (dBA)","GIX Woodshop: Table Saw cutting (lux on table top, SPL from operating position)",82,,5278
2/18/2020 13:12:17,"Sound pressure level, SPL (dBA)","GIX Woodshop: Table Saw cutting (lux on table top, SPL from operating position)",82.5,,5278
2/18/2020 13:12:26,"Sound pressure level, SPL (dBA)","GIX Woodshop: Table Saw cutting (lux on table top, SPL from operating position)",83,,5278
2/18/2020 13:12:35,"Sound pressure level, SPL (dBA)","GIX Woodshop: Dust Collector  (SPL Only, measure from table saw operating pos.)",90,,5278
2/18/2020 13:12:43,"Sound pressure level, SPL (dBA)","GIX Woodshop: Dust Collector  (SPL Only, measure from table saw operating pos.)",91,,5278
2/18/2020 13:12:53,"Sound pressure level, SPL (dBA)","GIX Woodshop: Dust Collector  (SPL Only, measure from table saw operating pos.)",90.4,,5278
2/18/2020 13:13:05,"Sound pressure level, SPL (dBA)",GIX Woodshop: Drill (SPL Only from omerating position),80,,5278
2/18/2020 13:13:12,"Sound pressure level, SPL (dBA)",GIX Woodshop: Drill (SPL Only from omerating position),80.5,,5278
2/18/2020 13:13:20,"Sound pressure level, SPL (dBA)",GIX Woodshop: Drill (SPL Only from omerating position),81.1,,5278
2/18/2020 23:28:14,"Sound pressure level, SPL (dBA)",your bed at night,34.2,,1037
2/19/2020 14:05:14,"Sound pressure level, SPL (dBA)",GIX Woodshop: No machines (SPL only),56,,1112
2/19/2020 14:05:03,"Sound pressure level, SPL (dBA)",GIX Woodshop: No machines (SPL only),49.2,,1112
2/19/2020 14:05:29,"Sound pressure level, SPL (dBA)",GIX Woodshop: No machines (SPL only),48,,1112
2/19/2020 14:05:50,"Sound pressure level, SPL (dBA)","GIX Woodshop: Table Saw cutting (lux on table top, SPL from operating position)",81.5,,1112
2/19/2020 14:06:11,"Sound pressure level, SPL (dBA)","GIX Woodshop: Table Saw cutting (lux on table top, SPL from operating position)",81,,1112
2/19/2020 14:06:33,"Sound pressure level, SPL (dBA)","GIX Woodshop: Table Saw cutting (lux on table top, SPL from operating position)",74.5,,1112
2/19/2020 14:07:18,"Sound pressure level, SPL (dBA)","GIX Woodshop: Dust Collector  (SPL Only, measure from table saw operating pos.)",86,,1112
2/19/2020 14:07:36,"Sound pressure level, SPL (dBA)","GIX Woodshop: Dust Collector  (SPL Only, measure from table saw operating pos.)",85,,1112
2/19/2020 14:07:50,"Sound pressure level, SPL (dBA)","GIX Woodshop: Dust Collector  (SPL Only, measure from table saw operating pos.)",80,,1112
2/19/2020 14:08:05,"Sound pressure level, SPL (dBA)",GIX Woodshop: Drill (SPL Only from omerating position),85,,1112
2/19/2020 14:08:23,"Sound pressure level, SPL (dBA)",GIX Woodshop: Drill (SPL Only from omerating position),81.9,,1112
2/19/2020 14:08:35,"Sound pressure level, SPL (dBA)",GIX Woodshop: Drill (SPL Only from omerating position),83.8,,1112
2/19/2020 14:08:55,"Sound pressure level, SPL (dBA)",breakfast table,42.6,,1112
2/19/2020 14:09:10,"Sound pressure level, SPL (dBA)",breakfast table,44.2,,1112
2/19/2020 14:18:47,"Sound pressure level, SPL (dBA)",Starbucks at a table,70.6,,1112
2/19/2020 14:21:02,"Sound pressure level, SPL (dBA)",Starbucks at a table,78.1,,1112
2/19/2020 14:21:14,"Sound pressure level, SPL (dBA)",Starbucks at a table,62.3,,1112
2/19/2020 14:21:30,"Sound pressure level, SPL (dBA)",In class (on writing desk),57.6,,1112
2/19/2020 14:21:50,"Sound pressure level, SPL (dBA)",In class (on writing desk),68.4,,1112
2/19/2020 14:22:07,"Sound pressure level, SPL (dBA)",In class (on writing desk),66.5,,1112
2/19/2020 14:22:49,"Sound pressure level, SPL (dBA)",Outdoors by GIX: Cloudy,70.8,,1112
2/19/2020 14:23:02,"Sound pressure level, SPL (dBA)",Outdoors by GIX: Cloudy,71.4,,1112
2/19/2020 14:23:19,"Sound pressure level, SPL (dBA)",Outdoors by GIX: Cloudy,71.1,,1112
2/19/2020 14:23:36,"Sound pressure level, SPL (dBA)",In the car,68.7,,1112
2/19/2020 14:23:49,"Sound pressure level, SPL (dBA)",In the car,61.5,,1112
2/19/2020 14:24:00,"Sound pressure level, SPL (dBA)",In the car,66.8,,1112
2/19/2020 14:24:39,Light Flux,"GIX Woodshop: Table Saw cutting (lux on table top, SPL from operating position)",375,,1112
2/19/2020 14:24:49,Light Flux,"GIX Woodshop: Table Saw cutting (lux on table top, SPL from operating position)",442,,1112
2/19/2020 14:25:02,Light Flux,"GIX Woodshop: Table Saw cutting (lux on table top, SPL from operating position)",386,,1112
2/19/2020 14:25:18,Light Flux,breakfast table,105,,1112
2/19/2020 14:25:33,Light Flux,breakfast table,98,,1112
2/19/2020 14:25:47,Light Flux,breakfast table,118,,1112
2/19/2020 14:26:08,Light Flux,breakfast table,118,,1112
2/19/2020 14:26:20,Light Flux,Starbucks at a table,333,,1112
2/19/2020 14:26:37,Light Flux,Starbucks at a table,364,,1112
2/19/2020 14:26:50,Light Flux,Starbucks at a table,337,,1112
2/19/2020 14:27:08,Light Flux,In class (on writing desk),111,,1112
2/19/2020 14:27:25,Light Flux,In class (on writing desk),49,,1112
2/19/2020 14:27:43,Light Flux,In class (on writing desk),78,,1112
2/19/2020 14:27:58,Light Flux,Outdoors by GIX: Cloudy,1227,,1112
2/19/2020 14:28:10,Light Flux,Outdoors by GIX: Cloudy,1176,,1112
2/19/2020 14:28:28,Light Flux,Outdoors by GIX: Cloudy,1180,,1112
2/19/2020 14:28:44,Light Flux,In the car,560,,1112
2/19/2020 14:28:58,Light Flux,In the car,566,,1112
2/19/2020 14:29:12,Light Flux,In the car,551,,1112
2/20/2020 12:48:13,"Sound pressure level, SPL (dBA)",your bed at night,36.3,,3341
2/20/2020 12:49:21,"Sound pressure level, SPL (dBA)",Starbucks at a table,78.1,,3341
2/20/2020 12:50:00,"Sound pressure level, SPL (dBA)",On a bus (Highway speed),72.4,,3341
2/20/2020 12:50:37,"Sound pressure level, SPL (dBA)",In the car,31.2,,3341
2/20/2020 12:52:08,"Sound pressure level, SPL (dBA)",In class (on writing desk),78.9,,3341
2/20/2020 12:52:32,"Sound pressure level, SPL (dBA)",In class (on writing desk),78.9,,3341
2/20/2020 12:52:58,"Sound pressure level, SPL (dBA)",Outdoors by GIX: Cloudy,79.8,,3341
3/2/2020 18:13:21,Light Flux,Starbucks at a table,157,,6286
3/2/2020 18:14:42,Light Flux,In class (on writing desk),111,,6286
3/2/2020 18:15:33,Light Flux,"GIX Woodshop: Table Saw cutting (lux on table top, SPL from operating position)",152,,6286
3/2/2020 18:16:00,Light Flux,breakfast table,166,,6286
3/2/2020 18:16:32,Light Flux,Outdoors by GIX: Sunny,176,,6286
3/2/2020 18:19:08,Light Flux,In class (on writing desk),153,,6286
3/2/2020 18:19:45,Light Flux,breakfast table,213,,6286
3/2/2020 22:47:44,"Sound pressure level, SPL (dBA)",In class (on writing desk),48,,6310
3/2/2020 22:51:09,"Sound pressure level, SPL (dBA)",Starbucks at a table,80,,6310
3/2/2020 22:52:58,"Sound pressure level, SPL (dBA)","GIX Woodshop: Table Saw cutting (lux on table top, SPL from operating position)",110,,6310
3/2/2020 22:53:24,"Sound pressure level, SPL (dBA)",GIX Woodshop: Drill (SPL Only from omerating position),75,,6310
3/2/2020 22:55:08,"Sound pressure level, SPL (dBA)","GIX Woodshop: Dust Collector  (SPL Only, measure from table saw operating pos.)",83,,6310
3/2/2020 22:55:33,"Sound pressure level, SPL (dBA)",Outdoors by GIX: Cloudy,73,,6310
3/3/2020 1:37:10,Light Flux,your bed at night,0.1,,8268
3/3/2020 1:37:26,Light Flux,your bed at night,0.1,,8268
3/3/2020 15:16:05,Light Flux,breakfast table,4.4,,8268
3/3/2020 15:16:29,Light Flux,breakfast table,5.6,,8268
3/3/2020 15:16:41,Light Flux,breakfast table,6.3,,8268
3/3/2020 15:17:00,Light Flux,Starbucks at a table,153,,8268
3/3/2020 15:17:13,Light Flux,Starbucks at a table,169,,8268
3/3/2020 15:17:31,Light Flux,Starbucks at a table,199,,8268
3/3/2020 15:17:58,Light Flux,In class (on writing desk),580,,8268
3/3/2020 15:18:17,Light Flux,In class (on writing desk),594,,8268
3/3/2020 15:18:39,Light Flux,In class (on writing desk),608,,8268
3/3/2020 15:19:00,Light Flux,Outdoors by GIX: Cloudy,2100,,8268
3/3/2020 15:19:13,Light Flux,Outdoors by GIX: Cloudy,2400,,8268
3/3/2020 15:19:25,Light Flux,Outdoors by GIX: Cloudy,2600,,8268
3/3/2020 15:19:49,Light Flux,On a bus (while bus is stopped),93,,8268
3/3/2020 15:20:04,Light Flux,On a bus (while bus is stopped),101,,8268
3/3/2020 15:20:17,Light Flux,On a bus (while bus is stopped),125,,8268
3/3/2020 15:20:37,Light Flux,On a bus (Highway speed),91,,8268
3/3/2020 15:20:49,Light Flux,On a bus (Highway speed),107,,8268
3/3/2020 15:21:06,Light Flux,On a bus (Highway speed),133,,8268
3/3/2020 15:21:39,Light Flux,"GIX Woodshop: Table Saw cutting (lux on table top, SPL from operating position)",501,,8268
3/3/2020 15:21:54,Light Flux,"GIX Woodshop: Table Saw cutting (lux on table top, SPL from operating position)",523,,8268
3/3/2020 15:22:07,Light Flux,"GIX Woodshop: Table Saw cutting (lux on table top, SPL from operating position)",544,,8268
3/3/2020 15:51:52,Light Flux,breakfast table,22,,9160
3/3/2020 15:55:01,Light Flux,breakfast table,17,,9160
3/3/2020 15:59:29,Light Flux,breakfast table,27,,9160
3/3/2020 16:01:51,Light Flux,Starbucks at a table,20,,9160
3/3/2020 16:03:35,Light Flux,Starbucks at a table,10,,9160
3/3/2020 16:04:41,Light Flux,Starbucks at a table,8,,9160
3/3/2020 16:07:07,Light Flux,Starbucks at a table,59,,9160
3/3/2020 16:08:59,Light Flux,Starbucks at a table,10,,9160
3/3/2020 16:10:10,Light Flux,Starbucks at a table,5,,9160
3/3/2020 16:12:19,Light Flux,Outdoors by GIX: Cloudy,218,,9160
3/3/2020 16:13:25,Light Flux,Outdoors by GIX: Cloudy,239,,9160
3/3/2020 16:15:02,Light Flux,Outdoors by GIX: Cloudy,340,,9160
3/3/2020 16:49:41,"Sound pressure level, SPL (dBA)",In class (on writing desk),53.1,,6046
3/3/2020 16:50:01,"Sound pressure level, SPL (dBA)",In class (on writing desk),52.8,,6046
3/3/2020 16:50:19,"Sound pressure level, SPL (dBA)",Outdoors by GIX: Sunny,51.2,,6046
3/3/2020 16:50:32,Light Flux,your bed at night,1,,2446
3/3/2020 16:50:42,"Sound pressure level, SPL (dBA)",Outdoors by GIX: Sunny,52.1,,6046
3/3/2020 16:50:48,Light Flux,In class (on writing desk),239,,2446
3/3/2020 16:51:01,"Sound pressure level, SPL (dBA)",GIX Woodshop: No machines (SPL only),51.3,,6046
3/3/2020 16:51:17,"Sound pressure level, SPL (dBA)",GIX Woodshop: No machines (SPL only),50.8,,6046
3/3/2020 16:51:43,"Sound pressure level, SPL (dBA)","GIX Woodshop: Table Saw cutting (lux on table top, SPL from operating position)",92.5,,6046
3/3/2020 16:52:01,"Sound pressure level, SPL (dBA)","GIX Woodshop: Table Saw cutting (lux on table top, SPL from operating position)",93.1,,6046
3/3/2020 16:52:20,"Sound pressure level, SPL (dBA)","GIX Woodshop: Dust Collector  (SPL Only, measure from table saw operating pos.)",79.1,,6046
3/3/2020 16:52:40,"Sound pressure level, SPL (dBA)","GIX Woodshop: Dust Collector  (SPL Only, measure from table saw operating pos.)",78.9,,6046
3/3/2020 16:52:58,"Sound pressure level, SPL (dBA)",GIX Woodshop: Drill (SPL Only from omerating position),70.9,,6046
3/3/2020 16:53:12,"Sound pressure level, SPL (dBA)",GIX Woodshop: Drill (SPL Only from omerating position),71.9,,6046
3/3/2020 16:53:33,"Sound pressure level, SPL (dBA)",breakfast table,48.2,,6046
3/3/2020 16:54:02,"Sound pressure level, SPL (dBA)",breakfast table,47.6,,6046
3/3/2020 16:54:22,"Sound pressure level, SPL (dBA)",In the car,50.8,,6046
3/3/2020 16:54:40,"Sound pressure level, SPL (dBA)",In the car,51.3,,6046
3/3/2020 16:54:59,"Sound pressure level, SPL (dBA)",your bed at night,36.5,,6046
3/3/2020 16:55:31,"Sound pressure level, SPL (dBA)",your bed at night,36.2,,6046
3/3/2020 16:55:42,Light Flux,Outdoors by GIX: Cloudy,490,,2446
3/3/2020 16:55:46,"Sound pressure level, SPL (dBA)",breakfast table,41.5,,6046
3/3/2020 16:56:05,"Sound pressure level, SPL (dBA)",breakfast table,40.5,,6046
3/3/2020 16:56:07,Light Flux,GIX Woodshop: No machines (SPL only),488,,2446
3/3/2020 16:56:46,Light Flux,In the car,117,,2446
3/3/2020 16:56:49,"Sound pressure level, SPL (dBA)",Starbucks at a table,71.2,,6046
3/3/2020 16:57:09,"Sound pressure level, SPL (dBA)",Starbucks at a table,72.3,,6046
3/3/2020 16:57:39,Light Flux,In class (on writing desk),542,,6046
3/3/2020 16:57:59,Light Flux,In class (on writing desk),536,,6046
3/3/2020 16:58:13,Light Flux,your bed at night,1,,6046
3/3/2020 16:58:33,Light Flux,your bed at night,2,,6046
3/3/2020 16:58:55,Light Flux,breakfast table,268,,6046
3/3/2020 16:59:12,Light Flux,breakfast table,279,,6046
3/3/2020 16:59:39,Light Flux,Outdoors by GIX: Cloudy,2658,,6046
3/3/2020 17:00:28,Light Flux,Outdoors by GIX: Cloudy,2702,,6046
3/3/2020 17:00:46,Light Flux,In the car,31,,6046
3/3/2020 17:01:08,Light Flux,In the car,32,,6046
3/3/2020 17:01:37,Light Flux,"GIX Woodshop: Table Saw cutting (lux on table top, SPL from operating position)",188,,6046
3/3/2020 17:02:31,Light Flux,"GIX Woodshop: Table Saw cutting (lux on table top, SPL from operating position)",183,,6046
3/3/2020 18:34:31,Light Flux,In the car,10,,9160
3/3/2020 18:34:51,Light Flux,In the car,20,,10
3/3/2020 18:36:53,Light Flux,In the car,20,,9160
3/3/2020 18:37:16,Light Flux,In the car,33,,9160
3/3/2020 23:26:18,"Sound pressure level, SPL (dBA)",your bed at night,50.6,,8500
3/3/2020 23:26:28,"Sound pressure level, SPL (dBA)",your bed at night,48.6,,8500
3/3/2020 23:26:45,"Sound pressure level, SPL (dBA)",breakfast table,63.8,,8500
3/3/2020 23:26:56,"Sound pressure level, SPL (dBA)",breakfast table,51.4,,8500
3/3/2020 23:27:08,"Sound pressure level, SPL (dBA)",Starbucks at a table,50.8,,8500
3/3/2020 23:27:17,"Sound pressure level, SPL (dBA)",Starbucks at a table,60.2,,8500
3/3/2020 23:27:28,"Sound pressure level, SPL (dBA)",In class (on writing desk),70.5,,8500
3/3/2020 23:27:42,"Sound pressure level, SPL (dBA)",In class (on writing desk),60.8,,8500
3/3/2020 23:27:58,"Sound pressure level, SPL (dBA)",Outdoors by GIX: Cloudy,65,,8500
3/3/2020 23:28:11,"Sound pressure level, SPL (dBA)",Outdoors by GIX: Cloudy,70.9,,8500
3/3/2020 23:28:30,"Sound pressure level, SPL (dBA)","GIX Woodshop: Table Saw cutting (lux on table top, SPL from operating position)",92,,8500
3/3/2020 23:28:38,"Sound pressure level, SPL (dBA)","GIX Woodshop: Table Saw cutting (lux on table top, SPL from operating position)",87.6,,8500
3/3/2020 23:28:47,"Sound pressure level, SPL (dBA)","GIX Woodshop: Dust Collector  (SPL Only, measure from table saw operating pos.)",85.7,,8500
3/3/2020 23:29:01,"Sound pressure level, SPL (dBA)",GIX Woodshop: Drill (SPL Only from omerating position),78.5,,8500
3/3/2020 23:29:11,"Sound pressure level, SPL (dBA)","GIX Woodshop: Dust Collector  (SPL Only, measure from table saw operating pos.)",88.7,,8500
3/3/2020 23:29:25,"Sound pressure level, SPL (dBA)",Outdoors by GIX: Cloudy,81.6,,8500
3/3/2020 23:29:45,Light Flux,your bed at night,5,,8500
3/3/2020 23:29:55,Light Flux,breakfast table,275,,8500
3/3/2020 23:30:05,Light Flux,In class (on writing desk),244,,8500
3/3/2020 23:30:17,Light Flux,In the car,10,,8500
3/3/2020 23:30:31,Light Flux,Outdoors by GIX: Sunny,765,,8500
3/3/2020 23:30:51,Light Flux,"GIX Woodshop: Table Saw cutting (lux on table top, SPL from operating position)",360,,8500
3/3/2020 23:31:04,Light Flux,your bed at night,1,,8500
3/3/2020 23:31:16,Light Flux,breakfast table,212,,8500
3/3/2020 23:31:32,Light Flux,In class (on writing desk),312,,8500
3/3/2020 23:31:43,Light Flux,In class (on writing desk),8,,8500
3/3/2020 23:31:54,Light Flux,Outdoors by GIX: Sunny,650,,8500
3/3/2020 23:32:03,Light Flux,"GIX Woodshop: Table Saw cutting (lux on table top, SPL from operating position)",355,,8500
3/4/2020 11:21:23,"Sound pressure level, SPL (dBA)",In class (on writing desk),58,,0520
3/4/2020 11:21:34,"Sound pressure level, SPL (dBA)",In class (on writing desk),64,,0520
3/4/2020 11:21:57,"Sound pressure level, SPL (dBA)",Outdoors by GIX: Sunny,67,,0520
3/4/2020 11:22:11,"Sound pressure level, SPL (dBA)",Outdoors by GIX: Sunny,55,,0520
3/4/2020 11:22:31,"Sound pressure level, SPL (dBA)",GIX Woodshop: No machines (SPL only),46,,0520
3/4/2020 11:22:53,"Sound pressure level, SPL (dBA)",GIX Woodshop: No machines (SPL only),47,,0520
3/4/2020 11:23:42,"Sound pressure level, SPL (dBA)","GIX Woodshop: Table Saw cutting (lux on table top, SPL from operating position)",98,,0520
3/4/2020 11:23:54,"Sound pressure level, SPL (dBA)","GIX Woodshop: Table Saw cutting (lux on table top, SPL from operating position)",97,,0520
3/4/2020 11:24:15,"Sound pressure level, SPL (dBA)","GIX Woodshop: Dust Collector  (SPL Only, measure from table saw operating pos.)",91,,0520
3/4/2020 11:24:27,"Sound pressure level, SPL (dBA)","GIX Woodshop: Dust Collector  (SPL Only, measure from table saw operating pos.)",88,,0520
3/4/2020 11:24:43,"Sound pressure level, SPL (dBA)",GIX Woodshop: Drill (SPL Only from omerating position),78,,0520
3/4/2020 11:24:55,"Sound pressure level, SPL (dBA)",GIX Woodshop: Drill (SPL Only from omerating position),80,,0520
3/4/2020 11:25:16,"Sound pressure level, SPL (dBA)",breakfast table,47,,0520
3/4/2020 11:25:28,"Sound pressure level, SPL (dBA)",breakfast table,44,,0520
3/4/2020 11:25:44,"Sound pressure level, SPL (dBA)",In the car,29,,0520
3/4/2020 11:25:55,"Sound pressure level, SPL (dBA)",In the car,31,,0520
3/4/2020 11:26:29,"Sound pressure level, SPL (dBA)",your bed at night,34,,0520
3/4/2020 11:26:41,"Sound pressure level, SPL (dBA)",your bed at night,37,,0520
3/4/2020 11:28:00,"Sound pressure level, SPL (dBA)",Starbucks at a table,70,,0520
3/4/2020 11:28:13,"Sound pressure level, SPL (dBA)",Starbucks at a table,71,,0520
3/4/2020 11:32:27,Light Flux,In class (on writing desk),226,,0520
3/4/2020 11:32:38,Light Flux,In class (on writing desk),227,,0520
3/4/2020 11:33:02,Light Flux,Outdoors by GIX: Cloudy,1500,,0520
3/4/2020 11:33:14,Light Flux,Outdoors by GIX: Cloudy,1550,,0520
3/4/2020 11:33:27,Light Flux,Starbucks at a table,23,,0520
3/4/2020 11:33:37,Light Flux,Starbucks at a table,22,,0520
3/4/2020 11:33:52,Light Flux,your bed at night,3,,0520
3/4/2020 11:34:01,Light Flux,your bed at night,5,,0520
3/4/2020 13:57:52,Light Flux,"GIX Woodshop: Table Saw cutting (lux on table top, SPL from operating position)",190,,0520
3/4/2020 13:58:01,Light Flux,"GIX Woodshop: Table Saw cutting (lux on table top, SPL from operating position)",180,,0520
3/4/2020 13:58:28,Light Flux,In the car,30,,0520
3/4/2020 13:58:36,Light Flux,In the car,35,,0520
3/4/2020 13:58:49,Light Flux,breakfast table,49,,0520
3/4/2020 13:59:01,Light Flux,breakfast table,50,,0520
3/5/2020 17:47:12,Light Flux,Outdoors by GIX: Sunny,37790,,6328
3/5/2020 17:47:28,Light Flux,Outdoors by GIX: Sunny,23480,,6328
3/5/2020 17:47:44,Light Flux,Outdoors by GIX: Sunny,33560,,6328
3/5/2020 17:48:18,Light Flux,Outdoors by GIX: Cloudy,4658,,6328
3/5/2020 17:48:35,Light Flux,Outdoors by GIX: Cloudy,11000,,6328
3/5/2020 17:48:57,Light Flux,Outdoors by GIX: Cloudy,12660,,6328
3/5/2020 17:49:19,Light Flux,Outdoors by GIX: Cloudy,1420,,6328
3/5/2020 17:49:31,Light Flux,In the car,1600,,6328
3/5/2020 17:49:47,Light Flux,breakfast table,1430,,6328
3/5/2020 17:50:54,Light Flux,In class (on writing desk),286,,6328
3/6/2020 0:03:08,Light Flux,In class (on writing desk),239,,9160
3/6/2020 0:03:26,Light Flux,In class (on writing desk),288,,9160
3/6/2020 0:03:48,Light Flux,In class (on writing desk),311,,9160
3/6/2020 0:05:32,Light Flux,Outdoors by GIX: Sunny,1171,,9160
3/6/2020 0:05:53,Light Flux,Outdoors by GIX: Sunny,1389,,9160
3/6/2020 0:06:13,Light Flux,Outdoors by GIX: Sunny,9053,,9160
3/6/2020 0:54:33,Light Flux,your bed at night,3,,9160
3/6/2020 0:54:45,Light Flux,your bed at night,3,,9160
3/6/2020 0:54:56,Light Flux,your bed at night,3,,9160
3/6/2020 14:22:39,Light Flux,Starbucks at a table,1190,,6810
3/6/2020 14:23:03,Light Flux,Starbucks at a table,858,,6810
3/6/2020 14:23:18,Light Flux,Starbucks at a table,733,,6810
3/6/2020 14:33:17,Light Flux,"GIX Woodshop: Dust Collector  (SPL Only, measure from table saw operating pos.)",465,,6810
3/6/2020 14:33:32,Light Flux,GIX Woodshop: Drill (SPL Only from omerating position),320,,6810
3/6/2020 14:33:50,Light Flux,"GIX Woodshop: Table Saw cutting (lux on table top, SPL from operating position)",410,,6810
3/6/2020 14:34:17,"Sound pressure level, SPL (dBA)","GIX Woodshop: Dust Collector  (SPL Only, measure from table saw operating pos.)",82,,6810
3/6/2020 14:34:50,"Sound pressure level, SPL (dBA)",GIX Woodshop: Drill (SPL Only from omerating position),77,,6810
3/6/2020 14:35:05,"Sound pressure level, SPL (dBA)","GIX Woodshop: Table Saw cutting (lux on table top, SPL from operating position)",79,,6810
3/6/2020 14:35:53,Light Flux,Outdoors by GIX: Sunny,34020,,6810
3/6/2020 14:36:07,Light Flux,Outdoors by GIX: Cloudy,5990,,6810
3/6/2020 14:36:21,"Sound pressure level, SPL (dBA)",Outdoors by GIX: Sunny,80,,6810
3/6/2020 14:36:40,"Sound pressure level, SPL (dBA)",Outdoors by GIX: Cloudy,75,,6810
3/6/2020 14:37:02,Light Flux,your bed at night,8,,6810
3/6/2020 14:37:32,Light Flux,In the car,689,,6810
3/6/2020 14:37:48,"Sound pressure level, SPL (dBA)",your bed at night,35,,6810
3/6/2020 14:38:01,"Sound pressure level, SPL (dBA)",In the car,72,,6810